Category,Funding Classification,Funder,Scheme,Academic CI and PCI costs,Personnel Costs,Other costs allowable,Ineligible costs,Monash Contribution (cash or in kind),Indirect Costs Allowable?,Indirect Cost Rate (if specified),Max indirect cost applied in application,last checked,,,,,,,,,,,,,,,,
Cat 1,Australian Research Council (ARC),ARC,"Discovery

Discovery Projects
Australian Laureate Fellowships
Future Fellowships
Discovery Early Career Researcher Award
Discovery Indigenous

Linkage
Linkage Projects
Centres of Excellence
Industrial Transformation Research Hubs
Industrial Transformation Training Centres
Industry Fellowships
LIEF",None,"postdoctoral research associates, research
assistants, technicians and laboratory attendants (30% on-costs)
HDR stipends
expert services of a third party


Note: HDR stipends often added as in-kind and HDR top-ups often added as cash contributions
Note: Some schemes specify salary rates for specified positions (postdoc, HDR, fellow)","teaching relief for CIs
travel costs essential to the project
expenditure on field research essential to the project
equipment (and its maintenance) and consumables essential for the project (<$150k)
access to national and international research and infrastructure facilities
access to technical workshop services
publication and dissemination of project research outputs and outreach activity
specialised computer equipment and software
web hosting and web development specific to the project
workshops, focus groups and conferences
travel costs for carer or requires care or assistance","CI time
administrative overheads","LIEF  - 20%
COE - 25%",Unallowable,,,31-Mar,,,,,,,,,,,,,,,,
Cat 1,National Health and Medical Research Council (NHMRC),NHMRC,Ideas,"Allowable, but not normally intended.
CIs (including CIA) may draw a salary if based in Australia for ≥80% of the funding period. Justification must be provided and will be considered in peer review.","Personnel support Packages (may not cover full costs) for:
Postgraduate students
Technical support – non-graduate personnel
Junior graduate research assistant; or junior graduate nurse, midwife or allied health professional; or junior data manager/ data analyst
Experienced graduate research assistant/ junior postdoctoral research officer; or experienced graduate nurse, midwife or allied health professional; or experienced data manager/ analyst
PSP4 – Experienced postdoctoral researcher
PSP5 – Senior experienced postdoctoral researcher

If ther is a gap between PSP rates and the institution’s enterprise bargaining rate (or equivalent). Where this occurs, other research funds awarded for Research Support Schemes (except for Investigator Grant CIAs) can be used to cover the gap between the PSP and the researcher’s part or total salary including on costs, but applicants cannot request additional Funds in their application to cover this cost. Such use of Funds is to be the outcome of agreement between the Administering Institution and CIA. 

On costs
NHMRC Funds can be used for on costs such as annual leave and long service leave entitlements that accrue in respect of research personnel during their employment on that Research Activity. Severance and termination payments and extended leave payments (leave entitlements accrued on non-NHMRC Research Activities) are not Direct Research Costs and must not be paid for with NHMRC funding.
","Biospecimen and associated data costs
Conferences - from existing budget, not applied for
Refreshments for clinical trial participants
Equipment <$80k - no repair or service
Specialised computing requirements
Publications and Open Access Costs - from existing budget, not applied for
Travel directly related to research objectives 

https://intranet.ecu.edu.au/__data/assets/pdf_file/0009/970623/Ideas-Grant-2025-Guidelines-v1.1.pdf","Explicitly not funded:
• Infrastructure, land, buildings, fixtures
• Purchase of standard computers (except where integral to laboratory equipment or for specialised large‑dataset handling)
• Attendance at conferences (not an allowable direct cost)
• Publication costs (not directly funded)
• Severance and termination payments
• Extended leave payments accrued on non‑NHMRC research activities",,Unallowable,,,31-Mar,,,,,,,,,,,,,,,,
Cat 1,National Health and Medical Research Council (NHMRC),NHMRC,Investigator and Fellows,"Salary support for the CIA only (the grant recipient). No other CIs or PIs are permitted.
The salary component is provided as a contribution to the Administering Institution; actual remuneration is agreed between the CIA and the institution. Salary levels (indexed): EL1 $87,681; EL2 $124,740; L1 $163,781; L2 $190,915; L3 $202,805 per annum.","Allowable from the Research Support Package (RSP) :
• Personnel Support Packages (PSPs) to employ research staff (postdoctoral researchers, research assistants, technicians, HDR student stipends).
• The RSP cannot be used to supplement the CIA’s salary.
• PSP levels and justification follow the same framework as Ideas Grants.","Allowable from the RSP as direct research costs, consistent with NHMRC’s Direct Research Costs Guidelines:
• Consumables, equipment (<$80,000 per item; total equipment ≤$80,000), specialised computing, biospecimens, travel directly related to research objectives, clinical trial participant refreshments, etc.
• Overseas activities if critical and not available in Australia.
• The RSP amount varies by Level: EL1 $50,000; EL2 $200,000; Leadership $400,000 per annum.","Explicitly not funded:
• Infrastructure, land, buildings, fixtures
• Standard computers (except where integral to specialised equipment)
• Salary for anyone other than the CIA (no other CIs or PIs)
• Indirect costs / overheads (NHMRC funds only direct research costs)
• Conference attendance (not an allowable direct cost)",,Unallowable,,0%,31-Mar,,,,,,,,,,,,,,,,
Cat 1,Medical Research Future Fund (MRFF),MRFF - NHMRC administered,roughly 90% of MRFF schemes currently run through the NHMRC - these follow normal NHRMC pricing rules ,"	Allowable, but indirectly funded. Salaries for Chief Investigators (CIs) and Partner Investigators (PIs) are not provided directly. Instead, the grant's Research Support Package (RSP) can be used to fund Personnel Support Packages (PSPs) for postdoctoral researchers, research assistants, and technical staff who are not salaried by the institution.","	Allowable via the RSP. The grant can fund salaries for research support staff (e.g., postdoctoral researchers, research assistants, technicians) through PSPs. These are capped at 80% of the salary package, with the institution expected to cover the remaining 20%.","	Allowable as Direct Research Costs (DRCs). This includes, but is not limited to: equipment (essential for the project and not normally available), consumables, travel, fieldwork, data collection, publication costs, access to research facilities, and specialised software","Not funded include: institutional overheads, basic infrastructure (e.g., office furniture), standard computers not essential to the project, costs not directly related to the project (e.g., visas, relocation, insurance), conference attendance (unless directly tied to fieldwork), and publication costs beyond open access fees.",Not required but is strongly encouraged. Demonstrating in-kind or cash co-funding from the institution or partner organisations is viewed favourably in the assessment process.,"	No. MRFF grants administered by NHMRC do not provide funding for institutional overheads or indirect costs. Institutions are expected to cover these from other sources.",0,0,10-Apr,not sure about this.,,,,,,,,,,,,,,,
Cat 1,Medical Research Future Fund (MRFF),"MRFF - Department of Industry, Science and Resources administered","Selected schemes for MRFF are administered through Department of Industry, Science and Resources",Salaries and on-costs covered,"Salaries and on-costs of other staff covered. This includes labour expenditure for leadership or administrative staff (such as CEOs, CFOs,
accountants and lawyers) as eligible expenditure, provided there are direct, demonstrated and monitored links to project objectives and outcomes. Limit these costs to 10 per cent of
the total amount of eligible labour expenditure claimed 

The maximum salary for an employee, director or shareholder, including packaged components that you can claim through the grant is $175,000 per financial year","equipment costing over $10,000 that is essential to the
research. The total equipment requested cannot exceed $80,000 (service and repair costs not covered)

Contracts to 3rd parties

Travel and overseas expenditure

staff training that directly supports the achievement of project outcomes
financial auditing of project expenditure

costs you incur in order to obtain planning, environmental or other regulatory approvals during the project period. However, associated fees paid to the Commonwealth, state, territory and local governments are not eligible
insurances which are specifically required to cover the grant activity

accessing intellectual property (IP) expertise and supporting the protection of IP",,,,,,10-Apr,not sure about this.,,,,,,,,,,,,,,,
Cat 3 ,International government (other)/ International government (other) – USA Gov / International government (own purpose) – USA Gov,US NIH,"Research schemes

Direct costs are allowable (salaries, travel, equipment, and supplies directly benefiting the grant-supported project or activity)
",Allowable as direct costs. Salaries for PD/PI (Principal Investigator) and other senior/key personnel are allowable for the effort committed to the project. Salary must be based on institutional base salary and is subject to the NIH salary cap.,"	Allowable for other personnel (postdoctoral associates, graduate students, technicians, research assistants, secretarial/clerical if justified). Fringe benefits are also allowable.","Allowable direct costs include:
• Travel (domestic and foreign) essential to the project
• Equipment (items ≥$10,000, with justification)
• Supplies and materials (consumables)
• Publication costs
• Consultant services
• ADP/computer services
• Alterations and renovations (minor)
• Patient care costs (if applicable)
• Data Management and Sharing costs (as direct costs)","Not allowable (per NIH GPS):
• Entertainment, alcoholic beverages, public relations, lobbying, fundraising, and certain membership fees.
• Costs that are not directly allocable to the project or are prohibited by federal cost principles (2 CFR 200, Subpart E).
• Indirect costs (F&A) beyond the negotiated rate (for foreign organisations, limited to 8% of MTDC).",,"Yes, but capped for foreign organisations.
For foreign organisations (including Monash), NIH restricts Facilities & Administrative (F&A) costs to 8% of modified total direct costs (MTDC). MTDC excludes equipment, capital expenditures, patient care costs, tuition, rental costs, scholarships, fellowships, and the portion of subawards exceeding $25,000. ",8% for foreign orgnanisations,8%,31-Mar,,,,,,,,,,,,,,,,
Cat 3 ,"International government (other) – USA Gov/International government (own purpose) – USA Gov
",US DoD,All schemes,Grant specific,Grant specific,Grant specific,Grant specific,,49%,,49%,10-Apr,not sure where the numbers are from.,,,,,,,,,,,,,,,
Cat 3 ,International government (other),UK Medical Research Council,"All schemes

Projects must be led by a UK based PI

There is a limit on international collaborators of 30% of Full Economic Costs. Following Brexit, Australian CI can be paid to take part in projectrs",Salary costs covered,"Direct costs of doing the research (detailed justification is required). May need to be unique expertise, not available in the UK

","Direct costs of doing the research (detailed justification is required). May need to be unique expertise, not available in the UK

",,,Investigators at overseas organisations are generally not eligible to receive indirect and estates costs,,,23-Mar,,,,,,,,,,,,,,,,
Cat 3 ,Australian philanthropy/International philanthropy/International not-for profit organisations,Wellcome Trust,All Schemes ,Salary costs covered,"> basic salary
> employer's contributions, including any statutory obligations (for example, National Insurance contributions if you're based in the UK) and pension scheme costs
> Apprentice Levy charges for UK-based salaries 
> any incremental progression up the salary scale
> locally recognised allowances such as London Allowance.
> Visa, work permit and immigration health surcharge costs. Costs can include: visa costs for the researcher’s partner and dependent children, essential associated costs, such as travel to attend appointments at a visa application centre or embassy, and essential English language tests and Immigration Health Surcharge costs for the researcher, their partner and dependent children if they will be in the UK for six months or more.","Service charges, recruitment costs, materials & Consumables, animal research costs, Equipment maintainence, Equipment, equipment access, Computing, Publications, training, travel, subsistence 


Full List of costs that you can claim with further description: https://wellcome.org/grant-funding/guidance/costs-grantholders-can-claim","Salary recovery costs, overhead costs including estates, for example building and premises
research, technical and administrative staff whose time is shared across several projects
administration, such as personnel, finance, library, and room hire.

Cleaning and ad hoc estate costs, shared catering, non-research related costs, Equipment disposal and insurance costs, indemnity insurance.

Full List of costs that you cannot claim with further description: https://wellcome.org/grant-funding/guidance/costs-grantholders-can-claim",,"Researchers can ask for overheads if their grant will be based at a:
- university outside the UK or Republic of Ireland

Overheads can include:

- estates, for example building and premises
- non-project dedicated administrative and support staff
administration, for example finance, library, and room hire.

The total cost for overheads should not be more than:

20% of the direct research costs if you’re based in a low- or middle-income country
15% of the direct research costs if you’re based anywhere else.
",,15%,24-Mar,,,,,,,,,,,,,,,,
Cat 2,"Commonwealth (own purpose)/Commonwealth (other)
",CSIRO Data61 ,Next Generations Graduate,pHd Stipend,"Stipend rate according to: 
https://www.csiro.au/-/media/D61/Next-Generation-Graduates-Programs/Files/Round-23-24/NGGP_R23-24_Guidelines.pdf","Training, travel, thesis allowance",Not specified in guidelines,,Not specified in guidelines,,0%,25-Mar,,,,,,,,,,,,,,,,
Cat 2,Commonwealth (other),CSIRO Data 61 ,Data61 pHd Scholarship,"pHd Stipend
Leave entitlements in line with: https://www.legislation.gov.au/Details/F2016L01602/Html/Text#_Toc461175998"," > 42,000 for years 1 and 2, increasing to $44,000 from year 3 for Students who are successful in receiving a university base stipend from an Australian university
> 10,000 Top up","learning and development expenses of up to $5,000","Not specified in guidelines - however given it is a stipend, assume no other costs are eligible.",,Not specified in guidelines,,0%,31-Mar,,,,,,,,,,,,,,,,
Category 3,International government (own purpose)/International government (other)/International government (own purpose) – USA Gov,European Commision,All Schemes,Total Salary,"They must be limited to salaries [additional OPTION for programmes with parental leave: (including net
payments during parental leave)], social security contributions, taxes and other costs linked to the
remuneration","> Travel, accommodation and subsistence (all Programmes except RFCS, CCEI)
> Equipment (All Programmes)
> Other goods, works or services, if necessary to implement the action, including
- costs for consumables and supplies (e.g. raw materials, office supplies)
− communication and dissemination costs 
− costs related to intellectual property rights (IPR) 
− costs for certificates on financial statements (CFS) and certificates on methodology
− costs for financial guarantees 

Refer to linked agreement for further detail and full list:  https://ec.europa.eu/info/funding-tenders/opportunities/docs/2021-2027/common/guidance/aga_en.pdf","(i) costs related to return on capital and dividends paid by a beneficiary
(ii) debt and debt service charges
(iii) provisions for future losses or debts
(iv) interest owed
(v) currency exchange losses
(vi) bank costs charged by the beneficiary’s bank for transfers from the granting authority
(vii) excessive or reckless expenditure
(viii)OPTION 1 for programmes with VAT eligible: deductible or refundable VAT (including
VAT paid by public bodies acting as public authority OR OPTION 2 for programmes with
VAT ineligible: VAT (always ineligible).
(ix) costs incurred or contributions for activities implemented during Grant Agreement suspension
(x) OPTION 1 by default: in-kind contributions by third parties OR OPTION 2 for programmes
with in-kind contributions eligible: in-kind contributions by third parties: not applicable


Refer to linked agreement for further detail and full list page 121:  https://ec.europa.eu/info/funding-tenders/opportunities/docs/2021-2027/common/guidance/aga_en.pdf",,"> 7% flat rate for indirect costs — most Programmes - except EDF) on categories A-D, except volunteers costs and exempted specific cost categories, if any
> 25% flat rate for indirect costs — HE, EDF) on categories A-D, except volunteers costs and exempted specific cost categories, if any.
> Other Programmes have higher(or lower) indirect cost flat-rates and variables for the pool of eligible costs (e.g. RFCS 35%, AGRIP 4%, SMP ESS 30% all on category A. Personnel costs, except volunteers costs)",,"7% (most) / 25% (HE, EDF) / up to 35% (RFCS)",23-Mar,changes the max indirect cost,,,,,,,,,,,,,,,
Category 3,International government (other),European Research Council ,"All Schemes under ERC Grant (HE - Horizon Europe and Euratom)
",Total Salary,Beneficiaries personnel costs,"subcontracting costs, purchase costs, other cost categories, and indirect costs. 
Refer to linked agreement for further detail and full list:  https://ec.europa.eu/info/funding-tenders/opportunities/docs/2021-2027/common/guidance/aga_en.pdf","As above (refer to European Commission)

Refer to linked agreement for further detail and full list page 121:  https://ec.europa.eu/info/funding-tenders/opportunities/docs/2021-2027/common/guidance/aga_en.pdf",,"As above

Starting Grant, Consolidator Grant and Synergy Grants -> 25% indirect costs flat rate.",,25%,23-Mar,,,,,,,,,,,,,,,,
Category 3,Australian not-for profit organisations,Cancer Council Victoria,Grant-in-Aid,Allowable for Chief Investigator A (CIA) only if CIA’s PhD (or MBBS) was awarded <13 years ago at EOI close date (adjusted for career interruptions). Salary on‑costs capped at 20%.,"Allowable for:
• CIA (subject to eligibility above)
• Second and onwards CIs (CIB, CIC, etc.) provided the salary is not for a group leader or head of laboratory
• Other research personnel (research assistants, etc.)
• Salary on‑costs capped at 20% of salary request

https://www.cancervic.org.au/downloads/research_grants/GIA2025/GIA2025_Guidelines%20for%20applicants.pdf","Allowable direct costs include:
• Equipment >$10,000 (essential to the research)
• Direct research costs: animal housing, consumables, software, participant recruitment, imaging/diagnostic fees, transcription, travel for data collection, cost recovery for research personnel (e.g., research assistant), specialised expertise (e.g., statistician support)
• Justified expenditure must be incurred between grant start and end dates, and most funding must be spent in Victoria (overseas/ interstate expenditure requires justification)
https://www.cancervic.org.au/downloads/research_grants/GIA2025/GIA2025_Guidelines%20for%20applicants.pdf","Explicitly not funded:
• Corporate and infrastructure overheads
• Facility, administrative, or other indirect research costs (utilities, regulatory/research compliance, research services administration)
• Dissemination costs (conference registration, article processing charges)

https://www.cancervic.org.au/downloads/research_grants/GIA2025/GIA2025_Guidelines%20for%20applicants.pdf",,Unallowable- see column H,,0%,31-Mar,,,,,,,,,,,,,,,,
Category 3,Australian not-for profit organisations,Cancer Council Victoria,Early‑Career Research Fellowship (formerly Postdoctoral Research Fellowship),"Allowable as salary support for the Fellow only. Salary capped at $120,000 per annum (FTE), plus on‑costs capped at 20% of salary. No salary for mentors, supervisors, group leaders, or head of department.","	Allowable for the Fellow’s salary. Direct research costs may include cost recovery for research personnel (e.g., research assistant) and specialised expertise (e.g., statistician support) with justification.

https://www.cancervic.org.au/downloads/research_grants/CRFV2026_Applicant_Documents/CRFV2026%20Guidelines%20for%20applicants.pdf","	Allowable direct research costs include: consumables, software, participant recruitment, equipment, imaging/diagnostic fees, transcription fees, remuneration and training for people with lived experience, travel for data collection.
Dissemination support (capped at $4,500 p.a., max $9,000 over two years) for economy travel, conference registration, and publication fees (e.g., article processing charges where no institutional agreement exists).

https://www.cancervic.org.au/downloads/research_grants/CRFV2026_Applicant_Documents/CRFV2026%20Guidelines%20for%20applicants.pdf","• Salary for mentors, supervisors, group leaders, head of laboratory or department
• Facility, administrative, or other indirect research costs (utilities, regulatory compliance, research services)
• Corporate services charges and infrastructure overheads
• Redistribution of grant funds to Cancer Council Victoria (except for Victorian Cancer Registry/Biobank cost recovery)

https://www.cancervic.org.au/downloads/research_grants/Postdoctoral_Fellowships/PDF2023_Applicant%20Guidelines.pdf
",,"Indirect costs, facility charges, infrastructure overheads, and corporate services charges are explicitly ineligible.",,0%,10-Apr,,,,,,,,,,,,,,,,
Category 3,Australian not-for profit organisations/Australian Philanthropy/Commonwealth (other),Ian Potter Foundation,All Schemes,Total Salaries ,Total Salaries ,"> Capital Equipment, Office supplies (e.g Stationary, postage, printing), Evaluation, Advertising and or promotion, Travel, Recurrent Expenditure, (These categories were taken from the budget template on the Ian PoTter Foundation Website: https://www.ianpotter.org.au/for-grantees/reporting/)",Does not provide funding for projects or items of equipment that might be funded internally or by a government agency such as the NH&MRC or the ARC,,"In the case of universities, the Foundation expects that overheads will be provided as an in-kind contribution.",,10%,?,,,,,,,,,,,,,,,,
Category 3,Australian philanthropy,Snow Medical Research Foundation Limited,Snow Fellowship,Not applicable – single fellow,"Fellow salary capped at $220,000/year (incl. on‑costs). Salaries for research team, technicians, laboratory/program manager allowed.","Equipment, consumables, travel for conferences (including Snow Medical events), open access publication costs, PhD top‑up scholarships (living costs only), research project costs.","> Retrospective Funding: will not fund research projects that have commenced prior to the commencement of the grant.
> Other Grant Funding: If an Applicant receives a component greater than 25% of their salary (the Salary Component) from another grant, Snow Medical will reduce the Fellowship funding for their salary equivalent to the Salary Component for the period they are in receipt of the Salary Component from the other grant.
>Do not provide funding for general office supplies and equipment.

Refer tp funding guidelines on page 10
https://snowmedical.org.au/wp-content/uploads/2023/07/Snow-Fellowship-Funding-Rules-2023-Round-1.2-19.07.23.pdf",,Unallowable,,0%,23-Mar,https://www.snowmedical.org.au/snow-fellowship/about-our-fellowship/snow-fellowship-application-documents-2025,,,,,,,,,,,,,,,
Category 3,International government (own purpose),International Development Research Centre,All Schemes,Allowable as direct personnel costs. Salaries for researchers (including Principal Investigators) are allowable if directly related to the Project. No specific cap mentioned; must be reasonable and actually paid. ,"All remuneration, allowances, and benefits paid to staff and advisors hired for a specific project

Refer to this link to the download the budget template with further information on the ""Personnel"" tab: https://idrc-crdi.ca/en/application-idrc-research-grant","> Consultant Expenses, Evaluation, equipment, International Travel, Training, Research costs (services and materials required to carry out the research), indirect costs.

Refer to the link to the budget template created by IDRC for further information on each of those expense categories: https://idrc-crdi.ca/en/application-idrc-research-grant
",Cannot be used to cover the cost of local taxes or import duties,,"Costs may include clerical, accounting, or secretarial help, general office expenses, office rental and utility charges, non-capital office furnishings, communications costs, and photocopying. IDRC expects the recipient to absorb the indirect or administrative costs of a project as part of its contribution to the project. Where the recipient contribution is covered under other budget categories, IDRC may consider a contribution towards indirect costs. The maximum contribution is up to 13% of all recipient-administered costs, including capital equipment, sub-recipients and sub-contractors administered cost. That maximum contribution may be shared between the proposing institution and the collaborating and must never exceed 13% in total.",,No applications with costing in Pure,10-Apr,,,,,,,,,,,,,,,,
Category 3,Australian for-profit organisations,CSL Limited/CSL Behring,CSL Centenary Fellowship,Full time Salary,intended to include at least fulltime salary for the primary fellow and potentially a research assistant inclusive of superannuation.,"It is expected that a portion of the fellowships monies will be expended on laboratory
consumables and equipment to support the nominated research project",Not specified in guidelines,,Not specified in guidelines,,0%,23-Mar,,,,,,,,,,,,,,,,
Category 2,Commonwealth (own purpose),"Department of Industry, Science and Resources (Australia)",CRC-P Grant,Total Salary + on-costs,"Salaries and on-costs for personnel directly employed for the project activities (this should be
calculated on a pro-rata basis relative to their time commitment using the formula detailed
below)","Contract expenses, capital expenses, IP & technology Expenses, Travel & overseas expenses, Audit expenses, Student expenses, eligible special purpose expenditure.

Refer to the full item list of  eligible expenditure items in attachment here in Appendix B for further details:  https://business.gov.au/-/media/grants-and-programs/crcp/round-15/crc-p-round-15-grant-opportunity-guidelines-pdf.pdf?sc_lang=en&hash=4342788609E393DD8B2733B08EAC304A
","non-project-related staff training and development costs, maintenance, financial costs, activities supported by other sources, depreciation.

Refer to the full item list of  eligible expenditure items in attachment here in Appendix E for further details:  https://business.gov.au/-/media/grants-and-programs/crcp/round-15/crc-p-round-15-grant-opportunity-guidelines-pdf.pdf?sc_lang=en&hash=4342788609E393DD8B2733B08EAC304A
",,"You may increase eligible salary costs by an additional 30 per cent allowance to cover on-costs such as employer paid superannuation, payroll tax, workers compensation insurance, and overheads such as office rent and the provision of computers.",,0%,23-Mar,salary in indirect costs?,,,,,,,,,,,,,,,
Category 3,Australian not-for profit organisations,Sylvia & Charles Viertel Charitable Foundation,Clinical Investigator Award,Unallowable,Unallowable,Only to be used for research costs not for applicants salary,"> Applicant salary
> Applicant cannot hold nationally competitive fellowship of 0.5 or greater
https://www.eqt.com.au/-/media/equitytrustees/files/philanthropy/forms-guides-reports/viertel-ci-awards-guidelines.pdf",,Not specified in guidelines,,0%,23-Mar,,,,,,,,,,,,,,,,
Category 3,Australian not-for profit organisations/Australian philanthropy,Sylvia & Charles Viertel Charitable Foundation,Senior Medical Research Fellowship,Fellow's salary,Research Assistant allowed,"Project costs. Expenditure under the grant must be in accordance with financial details shown in the formal letter of award.
https://www.eqt.com.au/-/media/equitytrustees/files/philanthropy/forms-guides-reports/viertel-smrf-fellowship-guidelines.pdf","Cannot concurrently hold another fellowship that provides salary. If on an NHMRC Investigator Grant - they must return 100% of salary component to NHMRC
https://www.eqt.com.au/-/media/equitytrustees/files/philanthropy/factsheet/fact-sheet-viertel-senior-medical-research-fellowship.pdf

Funding allocated for the Research Fellow's Salary may not be used for any other purpose.",,Not specified in guidelines,,0%,23-Mar,,,,,,,,,,,,,,,,
Category 3,"Australian philanthropy/Australian not-for profit organisations
",Cass Foundation,MEDICINE/SCIENCE GRANTS,Salaries includg on-cost,Research Assistant including on-costs allowable,"Evaluation, report and publication costs
Direct administration costs
 Consumable materials (such as chemicals, tests, animals)
Hire or rental of equipment, property, service, etc.
Miscellaneous contingencies (not exceeding 10% of the total budget).
https://www.cassfoundation.org/grants-and-awards/medicine-science-grants/med-sci-guidelines/","costs to attend conferences
CASS does not pay for any indirect administration costs.",,CASS does not pay for any indirect administration costs.,,37%,23-Mar,max indirect isn't 0?,,,,,,,,,,,,,,,
Category 3,0,NASA - National Aeronautics and Space Administration,Federal Grant (NASA Grant and Cooperative Agreement),"Salaries, wages & fringe benefits",Refer to left,"Other direct costs including, subcontracts, consultants, equipment, supplies, travel, facilities & administrative cost. (refer to this link for high level summary of cost category: Refer to link for further example; https://www.nasa.gov/wp-content/uploads/2023/09/grant-and-cooperative-agreement-manual-oct.-2022-0.pdf)

Refer to the link for detailed description of allowable:  https://www.ecfr.gov/current/title-2/subtitle-A/chapter-II/part-200/subpart-E
","Advisory council, alumni activities, certain audit costs, entertainment, capital expenditure, interest
Refer to the link for further detail: https://www.ecfr.gov/current/title-2/subtitle-A/chapter-II/part-200/subpart-E",,"Can only be charged to an award when:
> The recipient has a Negotiated Indirect Cost Rate Agreement (NICRA), or
>  If the recipient does not have a current Federally-negotiated indirect cost rate, it may elect to charge a de minimis rate of ten (10) percent of the modified total direct costs (MTDC). No documentation is required to justify the 10 percent de minimis indirect cost rate (see 2 CFR § 200.414, Indirect (F&A) costs, for more information)
> Award applicants may voluntarily choose to apply an overhead rate that is lower than their approved NICRA rate or the 10 percent de minimis rate.

Refer to the link for full description of indirect costs: 
https://www.nasa.gov/wp-content/uploads/2023/09/grant-and-cooperative-agreement-manual-oct.-2022-0.pdf",,43%,23-Mar,max indirect isn't 0?,,,,,,,,,,,,,,,
Category 3,Australian for-profit organisations,Woodside,Social Contributions Grant,Not specified in guidelines,Not specified in guidelines,Not specified in guidelines,"Travel, indirect fundraising activities

Refer to the link below: 
https://www.woodside.com/docs/default-source/stronger-communities-documents/social-contribution-guidance.pdf?sfvrsn=e8b1be51_29",,Not specified in guidelines,,53%,23-Mar,Not 0%?,,,,,,,,,,,,,,,
Category 3,"International government (other)/ International government (own purpose)
",Canadian Institutes of Health Research,All Grants,Salary/Stipend Allowed,"Includes benefits.

For Research Trainees who are compensated with a stipend, benefits are not permitted.
For Trainees who are paid as Research Assistants (usually hourly rate plus benefit imposed by the Institution), benefits are permitted.

Refer to link below for full guidelines: https://www.nserc-crsng.gc.ca/InterAgency-Interorganismes/TAFA-AFTO/guide-guide_eng.asp#12","Travel, hospitality in the context of networking purposes or activities in atherings that facilitate the objective, expendables and services (e.g., number and cost of animals, nature and amounts of reagents, number of subjects, number and cost of printing survey instruments, etc.), maintenance and/or equipment items.

Refer to https://cihr-irsc.gc.ca/e/50454.html#t4 AND https://www.nserc-crsng.gc.ca/InterAgency-Interorganismes/TAFA-AFTO/guide-guide_eng.asp#11
",Consulting fees to grant recipients who conduct research independetly,,"Agency funds may be used to cover a portion of the indirect costs of grant activities only when explicitly permitted by the program/funding opportunity and any relevant agency agreements, as well as this guide.",,No applications with costing in Pure,13-Apr,,,,,,,,,,,,,,,,
Category 2,Commonwealth (other),Australian Centre for International Agricultural Research (ACIAR),Research Projects,Total Personnel cost  ,"Includes on-costs - this should not exceed 28% for Australian institutions). such as payroll tax, workers compensation, superannuation, holiday pay and long service leave (described below) will be supported where these represent actual costs of the research provider. Expenditure on general administrative overheads should not be included. 

Refer to Guidelines: https://www.aciar.gov.au/sites/default/files/2020-08/research-budget-guidelines-for-project-teams.pdf","Travel, infrastructure (overhead), Capital (over 2,000), operating expenses such as lab & field consumables, materials.

For Australian research providers and IARCs, ACIAR will normally fund the depreciation cost
of equipment assets for the period that they are used by the ACIAR-funded project work

Refer to the guide for expenses that can be included: https://www.aciar.gov.au/sites/default/files/2020-08/research-budget-guidelines-for-project-teams.pdf

See example budget (PRELIM): https://www.aciar.gov.au/sites/default/files/2020-08/aciar-research-budget-example-prelim.pdf

See example budget (FULL): https://www.aciar.gov.au/sites/default/files/2020-08/aciar-research-budget-example-full.pdf",Not mentioned in the guidelines,"Not required. However, ACIAR encourages co‑funding contributions from other agencies or partners","ACIAR’s policy on this is firm, with a limit of 13% for the Commissioned Organisation, 5% for Australian collaborating organisations and 5% for the overseas collaborating organisations. This percentage is applicable and calculated on the total budget approved for Personnel, Research Operating, and Travel, but excludes Capital Items.","13% (Commissioned Organisation), 5% (Australian collaborating organisations), 5% (overseas collaborating organisations)",0%,13-Apr,,,,,,,,,,,,,,,,
Category 2,State/Territory/Local (own purpose),Victorian Cancer Agency,Mid Career Research Fellowship,Capped salary support,"• Salary support up to $130,000 per annum
• On-costs capped at 25 per cent of salary (i.e., $32,500 for a total salary of $130,000)
The full-time equivalent salary that can be requested by the Applicant is up to $130,000 per annum and must align with the Applicant’s current salary, which is commensurate with the award negotiated with the individual Applicant’s institution.

Any Associate and Co-Investigators listed on the application must be assigned an FTE above 0 (e.g., 0.05 FTE).

Full time and part time fellowships available.

Refer to link for further information: https://www.victoriancanceragency.vic.gov.au/sites/default/files/documents/202306/2023%20VCA%20Funding%20Round%20-%20Mid%20Career%20Research%20Fellowship%20Guidelines_0.docx","Direct research costs capped at a maximum of $50,000 per annum, within the overall limit of $175,000 per annum. This amount may include on-costs for the Applicant (capped at 25 per cent) and costs for additional salaries required other than for the Applicant. 

Examples of direct research costs may include: (Per guidelines) 
•	Animal costs - including purchase and agistment
•	Consumables - laboratory and/or other consumables to be used for the project
•	Equipment - items of equipment required specifically for the project
•	Patient participation costs - patient incentives, as well as reimbursement for costs incurred as a result of participation
•	Sample analysis costs - fees for analysis and transport of specimens, and any other costs associated with sample analysis
•	Software - purchase or development of software packages
•	Survey costs - printing costs for questionnaires/envelopes, postage, phone calls, etc
•	Transcription costs - costs involved in transcribing results
•	Travel to conduct research - only travel required for carrying out the research project. Travel to attend conferences, workshops, etc., should be requested under 'Other research costs'.
•	Interpretation services including but not limited to translation of resources into languages other than English
•	Remuneration and training/conference support for consumers to be engaged in the proposed research.

Refer to Guidelines: https://www.aciar.gov.au/sites/default/files/2020-08/research-budget-guidelines-for-project-teams.pdf""

The VCA will determine what constitutes a direct research cost based on the principles set out in the NHMRC Direct Research Cost Guidelines: https://www.nhmrc.gov.au/sites/default/files/documents/attachments/direct-researchrcostsrguidelinesraugustr2017.pdf",Not mentioned,,Unallowable,,0%,23-Mar,,,,,,,,,,,,,,,,
Category 2,State/Territory/Local (own purpose),Transport Accident Commission (TAC) (trading as Transport Accident Commission Compensation Payments) (Victoria),Value-based Healthcare Innovation Grant Program,"	Allowable as part of “key personnel” salary contributions. The Chief Investigator (CI) can be funded if they are actively involved in project management or research roles. No distinction between CI and other key personnel","Key personnel - Salary contributions for supporting project management roles, consultants (e.g. researchers), experts (e.g. statistician) and consumers. Must match the roles and responsibilities of the position and reflect the time commitment","	Allowable direct costs include:
• Equipment essential to the project – individual items ≤ $5,000 (e.g., translation/transcribing equipment, specialist software/devices, outcome measurement tools).
• Travel essential to the project (e.g., vehicle mileage, accommodation for data collection).
• Other direct research costs – ethics approval fees, venue hire, hospitality for workshops associated with data collection.
https://www.tac.vic.gov.au/__data/assets/pdf_file/0020/607142/TAC-Value-Based-Healthcare-Grant-Program-Guidelines.pdf"," Infrastructure and capital works
 Professional membership fees
 Professional development courses
 Conference registration fees
 Cleaning services
 Anything not directly related to the project","Not required, but co‑contributions and in‑kind support are viewed favourably",Unallowable,,0%,10-Apr,,,,,,,,,,,,,,,,
Category 3,Australian not-for profit organisations / Australian,Diabetes Australia,General Grants,Salary,"base salary and additional leave loading, payroll and other costs as required by employing body","ii)Equipment (Note: applications that include equipment costing over $5,000 will be ineligible)

iii)Travel (field expenses etc. Note: applications that include conference travel will be ineligible)

iv)Consumables and Other Expenses (itemise these expenses in the Budget Justification section below e.g. animals, printing and stationery, computing, radiochemical, etc.)    

Refer to : https://www.diabetesaustralia.com.au/wp-content/uploads/Diabetes-Australia-Project-Grants-Guidelines-2026.pdf","Applications that include equipment costing over $5,000 or conference travel will be ineligible. 
An application that seeks funding for administrative or other indirect expenses will not be considered
https://www.diabetesaustralia.com.au/wp-content/uploads/Diabetes-Australia-Project-Grants-Guidelines-2026.pdf",,Unallowable,,0%,23-Mar,,,,,,,,,,,,,,,,
Category 3,"International government (other)/ International government (own purpose) – USA Gov
",US National Science Foundation (NSF),All Grants,Salary,"As a general policy, NSF limits the salary compensation requested in the proposal budget for senior personnel to no more than two months of their regular salary in any one year.

If the proposer’s usual accounting practices provide that its contributions to employee benefits (leave, employee insurance, social security, retirement, other payroll-related taxes, etc.) be treated as direct costs, NSF award funds may be requested to fund fringe benefits as a direct cost. 

Refer to the funding policy for full description: https://new.nsf.gov/policies/pappg/23-1/ch-2-proposal-preparation#2D2fi","Equipment, Travel, Participant support (stipend, subsistence allowances, travel allowances), materials and supplies, publication/documentation/dissemination, consultant services.

Refer to the guidelines for the full list and description: https://new.nsf.gov/policies/pappg/23-1/ch-2-proposal-preparation#2D2f","Entertainment, meals, alcoholic beverages, home office workspace. Refer to guidelines for full description: https://new.nsf.gov/policies/pappg/23-1/ch-2-proposal-preparation#2D2f",,"Except where specifically identified in an NSF program solicitation, the applicable U.S. Federally negotiated indirect cost rate(s) must be used in computing indirect costs (F&A) for a proposal. Use of an indirect cost rate lower than the organization’s current negotiated indirect cost rate is considered a violation of NSF’s cost sharing policy.

Foreign organizations that do not have a current U.S. Federally negotiated indirect cost rate(s) are limited to a de minimis indirect cost rate recovery of 10% of modified total direct costs. Foreign recipients that have a U.S. Federally negotiated indirect cost rate(s) may recover indirect costs at the current negotiated rate.",,49%,23-Mar,Not 0%?,,,,,,,,,,,,,,,
Category 3,"Australian philanthropy/Australian not-for profit organisations
",National Breast Cancer Foundation,NBCF Investigator Initiated Research Scheme (IIRS) ,"Pi's and CI's Funded but with salary cap. Refer to link for salary cap amounts which is determined by years of experience

https://nbcf.org.au/wp-content/uploads/2023/05/IIRS-2024-Applicant-Guidelines_FINAL.pdf ","Claiming salary on-costs as part of NBCF awards is not allowed, except as set out in the
approved budget of the Grant Application. Only superannuation is allowed.

The NBCF Investigator Initiated Research Scheme is designed to have a single PI applying for
funding. A PI can nominate a maximum of five Co-Is on the grant and an unlimited number of
Associate Investigators (AIs). Requests for salary for AIs will not be allowed.

PIs may apply for the salaries of any research support staff they deem appropriate to ensure
the successful completion of the project (comprising research assistants/officers, junior
postdoctoral fellows, and specialised personnel such as bio-informaticians, statisticians,
project managers etc.). 

• Salary cap for postdoctoral fellows who are part of additional personnel: Applicants
can apply for a maximum of $100,000 per annum at 1.0 FTE (or full-time equivalent salary
of $100,000 inclusive of superannuation) for postdoctoral researchers that are part of
research personnel but not named as a PI or Co-I in the investigator team.
• NBCF also requires that any postdoctoral researcher for whom greater than 0.5 FTE
salary support is requested must be included as a PI or Co-I if they have already been
linked to the project or linked to the requested salary support in any way (more details
in section 5.2). ","• Materials required to conduct the approved research-laboratory supplies, consumables,
purchase of animals
• Reimbursement of reasonable costs associated with clinical studies
• Reasonable medical diagnosis costs for clinical trial participants (MRI, PET, CT, ultrasound,
genotyping, biochemical analysis)
• Equipment
• Purchase of services directly required for the successful conduct of the project
• Cost of animal agistment and animals purchased which are a direct requirement of the
research project
• Specialised computing requirements that are essential for the proposed project
• Data collection and analysis
• Travel costs essential to the project, including economy travel costs for domestic and/or
international travel, as per the approved budget

Refer to the Grant expenditure guidelines here: 
https://nbcf.org.au/wp-content/uploads/2019/12/NBCF-Grant-Expenditure-Guidelines-new-brand-_v1.2.pdf","Grant funds cannot be used for institution overhead costs or expenses of the Research
Personnel or the Administering Institution.

Refer to full list of unallowable costs in the grant expenditure guidelines:  https://nbcf.org.au/wp-content/uploads/2019/12/NBCF-Grant-Expenditure-Guidelines-new-brand-_v1.2.pdf",,Unallowable,,0%,23-Mar,,,,,,,,,,,,,,,,
Category 3,International not-for profit organisations,Juvenile Diabetes Research Foundation (JDRF) (United States of America),All schemes,"Follows U.S. National Institutes of Health (NIH) salary guidelines for Principal Investigators and Postdoctoral Fellows.

https://www.breakthrought1d.org/wp-content/uploads/2024/07/granthandbook.pdf","Salaries & Wages includes wages earned by an employee, and may include benefits, including insurance and retirement plans, Fringe benefits in the form of employer contributions or expenses for social security, employee insurance, workmen's compensation insurance, tuition or remission of tuition for individual employees are allowable, provided such benefits are granted in accordance with established educational institutional policies, and are distributed to all institutional activities on an equitable basis.

Stipends are applied for JDRF Postdoctoral and Advanced Postdoctoral Fellowships in place of Salary
& Wages. Stipend levels are determined based on the fellow’s years of postdoctoral experience","Direct Costs are defined as those costs falling within the following JDRF budget categories: Salaries & Wages,
Stipends, Supplies, Other Costs, Research Allowances, and Travel.

https://grantcenter.jdrf.org/wp-content/uploads/2023/06/JDRF-Terms-and-Conditions-6.29.2023.pdf

Per the Terms & Conditions, it follows the principles listed here(Code of Federal Regulation) https://www.ecfr.gov/current/title-2/subtitle-A/chapter-II/part-200/subpart-E","•  Lobbying: JDRF grant funds may not be used for lobbying purposes of any kind.
• Tuition and registration fees
• General office supplies/equipment
• Computers*
• Administrative assistance costs
• Financial Analyst, Accountant cost
• Rent
• Office telecommunications
• Advertising costs
• Patent applications
• Indirect cost for fee-for services, consultants, and contractors

https://grantcenter.jdrf.org/wp-content/uploads/2023/06/JDRF-Terms-and-Conditions-6.29.2023.pdf
",,"Indirect costs are limited to 10% of direct costs. The Grantee Institution may request indirect costs less than 10%. Equipment, subcontract, contractual, and fee-for service costs are not direct costs. In instances where there is a subcontract, the Grantee Institution may budget up to 10% indirect costs on the direct costs to be incurred at the Grantee Institution. The Grantee Institution may not incur any indirect costs off the subcontract costs.

Indirect costs are not allowable for JDRF Postdoctoral Fellowship or Advanced Postdoctoral Fellowship awards.",,10%,23-Mar,,,,,,,,,,,,,,,,
Category 3,International not-for profit organisations,New York Stem Cell Foundation,Robertson Stem Cell Investigator Award,"As this is a career development award, not a project-specific award, and funds may be used at the discretion of awardees to increase the impact of their research, subject to the terms of the award letter.",Not specified in guidelines,"As this is a career development award, not a project-specific award, and funds may be used at the discretion of awardees to increase the impact of their research, subject to the terms of the award letter.",Not specified in guidelines,,No institutional overhead is provided.,,0%,23-Mar,,,,,,,,,,,,,,,,
Category 2,State/Territory/Local (own purpose),Victorian Health Promotion Foundation (trading as VicHealth) (Victoria),VicHealth Impact Research Grants ,Salaries of research team,Salaries of research team,"VicHealth funding will normally be available for direct project expenses only; i.e. those additional expenses and consumables that are necessarily incurred to implement the project. 

Domestic travel and accommodation directly related to the research project
Program delivery expenditure 
Research and evaluation costs including participant reimbursement fees and vouchers 
Resource materials and costs related to the publication and/or other translation of research findings 
Capital items (conditions apply) 
Organisational overheads when incurred as a direct result of the funded project 
(Please note that value-formoney will be considered in our assessments, so these expenses should be kept to a minimum)","Capital works (e.g. Buildings or maintenance or purchase of major equipment, purchase and lease of land/vehicles)
Commercial activities or individual persons 
Core organizational operating costs 
Retrospective funding 
Projects that are considered by VicHealth to be the funding responsibility of local, state or federal government (e.g. Population-based surveillance) 
Researchers or organisations with a relationship with the tobacco industry within the last 5 years 
Videos, films, publications, conferences or travel in isolation of the specific project. 
International travel or international conference registration",,"Organisational overheads allowed when incurred as a direct result of the funded project:
https://www.vichealth.vic.gov.au/sites/default/files/IRG_Guidelines_2023.pdf 

Overheads that the organisation will incur regardless of the project should not be included, or if they are, should not form part of the VicHealth grant.
https://www.vichealth.vic.gov.au/sites/default/files/BudgetTemplate_IRG2023.docx",,26%,23-Mar,,,,,,,,,,,,,,,,
Category 2,State/Territory/Local (own purpose),"Department of Jobs, Skills, Industry and Regions (DJSIR) (Victoria)",Victorian Medical Research Acceleration Fund (VMRAF) - This is specific to Round 8 and may differ slightly for subsequent rounds,"Allowable. The grant can be used to fund ""staffing costs that relate solely to either: new employees or the expansion of hours for current part-time employees, provided these employees are working on the funded projects or the extension of contracts for staff whose contracts would otherwise end within the period of the agreement.""","	Allowable. Eligible staffing costs (Coloumn E) and associated on-costs are covered. The grant is designed to support research personnel.","•        regulatory and intellectual property fees and charges associated with registering domestic or international patents or other intellectual property enforcement expenses
•        equipment, consumables and services required for the research activity as outlined in the project description provided that such equipment, consumable or service is not listed as an ineligible expense in section 6.3 


https://sites.research.unimelb.edu.au/research-funding/domestic/djpr-victorian-medical-research-acceleration-fund-vmraf-and-mrna-vmraf
","• usual operational expenditure, including existing staff costs, communications, travel entertainment, vehicles, accommodation, and office computing equipment
 • routine replacement or minor upgrade of plant and equipment
 • printing, stationery, postage, and bank charges
 • basic and routine professional services including legal and accounting fees
 • any amount paid on account of goods and services tax
 • costs related to preparing the grant application, preparing any project reports and preparing any project variation requests
 • building routine websites, sales and promotional activities, marketing or communications campaigns
 • retrospective funding of projects",Mandatory 1:1 cash co-contribution. Grant funding will be provided on the basis that applicants provide 1:1 matched cash co-contribution. Preference is given to projects that have secured cash co-contribution from Collaborating Partners.,No. A mandatory 1:1 cash co-contribution is required instead of a traditional indirect cost rate.,,No applications with costing in Pure,13-Apr,,,,,,,,,,,,,,,,
Category 2,State/Territory/Local (own purpose),"Department of Jobs, Skills, Industry and Regions (DJSIR) (Victoria)",Metropolitan Partnerships Development Fund Program,Not specified in guidelines,Not specified in guidelines,Not specified in guidelines,"Grant recipients cannot use funds for business-as-usual costs or to offset current staffing costs.
https://www.suburbandevelopment.vic.gov.au/__data/assets/pdf_file/0022/183406/MPDF-Grant-Guidelines-Round-4-and-5.pdf",,Not specified in guidelines - however stated that they cannot be used for business as usual costs.,,No applications with costing in Pure,10-Apr,is closed?,,,,,,,,,,,,,,,
Category 3,Australian not-for profit organisations,Royal Australian College of General Practitioners (RACGP),RACGP Foundation Grants and Awards,Project related salaries,"Requests for professional salaries should be in accordance with the official NHMRC salary scales or scales from the submitting institution - this was not stated in any official guidelines, however this was stated in the instructions in all the application forms.",Grant funds awarded may only be used for direct research costs (including reasonable costs and projectrelated salaries) and not for any overhead or management fees of administering organisations.,Overheads.,,"Grant funds awarded may only be used for direct research costs (including reasonable costs and projectrelated salaries) and not for any overhead or management fees of administering organisations

https://www.racgp.org.au/getmedia/73f300ba-b0fa-42c7-b38d-42292628be77/RACGP-Foundation-Grants-and-Awards-Information-for-Applicants-2023.pdf.aspx",,0%,23-Mar,,,,,,,,,,,,,,,,
Category 3,International not-for profit organisations,Alzheimer's Association,AARGA (Alzheimer's Association Research Grant For All) ,Assistant Professor or equivalent for ≤7 years; full‑time employee.,"Salary for the principal investigator, scientific (including postdoctoral fellows) and
technical staff (including laboratory technicians and administrative support directly
related to the funded grant); there is no salary cap","● Purchase and care of laboratory animals
● Small pieces of laboratory equipment and laboratory supplies
● Computer software if used strictly for data collection 
● Membership to scientific association
● Professional development / communication training
● Support for travel to scientific and professional meetings
●Training costs to visit and perform research related to the awarded project on
another laboratory/facility 

Refer to for full guidelines https://www.alz.org/getmedia/161545c2-2a60-445e-9830-b87f81657289/aarga-rfa.pdf","● Computer hardware or standard software (e.g. Microsoft Office, mouse monitor, computer parts, AppleCare)
● Laboratory equipment such as freezers, ultracentrifuges, RT-PCR, Microscopy/imaging equipment
● Service contract fees of equipment
● Construction or renovation costs
● Tuition
● Rent for laboratory/office space
● Expenses such as Data Network Recharges and Computing and communication device support services. However, data sharing and/or data storage for imaging, sequencing and other study data is allowed.
● General liability insurances, such as GAEL Wire and currency exchange fees
● The Alzheimer’s Association Medical and Scientific Advisory Group (MSAG), the International Research Grant Program (IRGP) Council members and current employees of the Alzheimer’s Association are allowed to be key personnel or collaborators on projects, however they are NOT ALLOWED to receive any salary or compensation.

Refer to for full guidelines https://www.alz.org/getmedia/161545c2-2a60-445e-9830-b87f81657289/aarga-rfa.pdf",,No more than 10% of the total direct costs may be included as indirect costs; this is inclusive of indirect costs for the implementing institution as well as any to subcontracts,,10%,23-Mar,changed eligibility \,,,,,,,,,,,,,,,
Category 3,International not-for profit organisations,Alzheimer's Association,IRGP (international reserach grants program) - AARF (Alzheimer’s Association Research Fellowship ),"Individuals who have a position of an Assistant Professorship or above are not eligible.
Individuals currently enrolled in a Doctoral Program are not eligible, regardless of
prior degree status","Salary for the principal investigator, scientific (including postdoctoral fellows) and
technical staff (including laboratory technicians and administrative support directly
related to the funded grant); there is no salary cap","● Purchase and care of laboratory animals
● Small pieces of laboratory equipment and laboratory supplies
● Computer software if used strictly for data collection 
● Membership to scientific association
● Professional development / communication training
● Support for travel to scientific and professional meetings
●Training costs to visit and perform research related to the awarded project on
another laboratory/facility 

Refer to for full guidelines https://www.alz.org/getmedia/161545c2-2a60-445e-9830-b87f81657289/aarga-rfa.pdf","● Computer hardware or standard software (e.g. Microsoft Office, mouse monitor, computer parts, AppleCare)
● Laboratory equipment such as freezers, ultracentrifuges, RT-PCR, Microscopy/imaging equipment
● Service contract fees of equipment
● Construction or renovation costs
● Tuition
● Rent for laboratory/office space
● Expenses such as Data Network Recharges and Computing and communication device support services. However, data sharing and/or data storage for imaging, sequencing and other study data is allowed.
● General liability insurances, such as GAEL Wire and currency exchange fees
● The Alzheimer’s Association Medical and Scientific Advisory Group (MSAG), the International Research Grant Program (IRGP) Council members and current employees of the Alzheimer’s Association are allowed to be key personnel or collaborators on projects, however they are NOT ALLOWED to receive any salary or compensation.

Refer to for full guidelines https://www.alz.org/getmedia/939b15b1-3a05-4f62-9ada-ca906472909c/2025-january-august-rfa_core-program_final.pdf",,No more than 10% of the total direct costs may be included as indirect costs; this is inclusive of indirect costs for the implementing institution as well as any to subcontracts,,10%,23-Mar,,,,,,,,,,,,,,,,
Category 3,Australian not-for profit organisations,Heart Foundation,Postdoctoral Fellowships,The applicant will be considered the Chief Investigator A (CIA) on this project. Stipend support provided,"Must be allocated only to the salary of the Awardee. Stipends offered are exclusive of Superannuation Guarantee Contribution, workers compensation, leave loading and payroll tax.
https://assets.contentstack.io/v3/assets/blt8a393bb3b76c0ede/blt6bfb160f08965927/research-funding-guidelines.pdf",None - as stated in guidelines that this type of grant (Fellowship) is only to be used for salary of the awardee.,As stated in guidelines that this type of grant (Fellowship) is only to be used for salary of the awardee.,,Unallowable,,No applications with costing in Pure,23-Mar,,,,,,,,,,,,,,,,
Category 3,Australian not-for profit organisations,Heart Foundation,Future Leader Fellowships (Capped project support amounts are allowed)\,The applicant will be considered the Chief Investigator A (CIA) on this project. Stipend support provided,"Stipends offered are exclusive of Superannuation Guarantee Contribution, workers compensation, leave loading and payroll tax.
","Project support allowed at capped amounts.

Refer to Heart foundation Vanguard Grant (Project Grant) for costs allowable",Stipend allocation must be used for salary and project support allocation follows the guidelines similarly to Heart foundation Vanguard Grant (Project Grant) for costs allowable,,administrative or employment cost and overheads are prohibited,,0%,23-Mar,research-funding-guidelines.pdf,,,,,,,,,,,,,,,
Category 3,Australian not-for profit organisations,Heart Foundation,Vanguard Grant (project support),"CI costs, stipend for PhD student are both prohibited","Personnel costs for the following are allowed.

− Project Manager
− Project Officer
− Site Coordinator
− Research Coordinator
− Research Assistant
− Consumer Engagement
− Information Technology support
− Consultants
− Data Analysis","Equipment, maintenence, travel, training, adveristing, printing
","There are three expenditure areas that are not eligible in project support, these prohibited
costs are:
1. salary for the applicant (CIA) and other Chief Investigators,
2. stipend for a PhD student,
3. administrative or employment cost and overheads.",,administrative or employment cost and overheads are prohibited,,No applications with costing in Pure,23-Mar,,,,,,,,,,,,,,,,
Category 3,Australian not-for profit organisations,Heart Foundation,Collaboration and Exchange Award,No - All costs other than travel are not allowed,All costs other than travel are not allowed,"This award is to support the travel of the recipient to conferences and /or exchange activities. There are four budgetary options: 
− Accommodation 
− Flight 
− Conference costs 
− Other travel related costs",All costs other than travel are not allowed,,Unallowable,,No applications with costing in Pure,23-Mar,,,,,,,,,,,,,,,,
Category 2,State/Territory/Local (own purpose),Victorian WorkCover Authority (VWA) (trading as WorkSafe Victoria),Grants Program,Salary (FTE) costs,Refer to Column E,Contracting experts ,"• Purchase of equipment – where the principal activity is the purchase of equipment.
• Capital works, commercial activities or projects that seek funding for operational expenses that should be covered by the workplace.
• Activities that are being funded through other WorkSafe programs (for example sponsorship, funding agreements or other grants)

https://content-v2.api.worksafe.vic.gov.au/sites/default/files/2023-03/WorkSafe-grants-program-guidelines-2023-03.pdf",,Not specified in guidelines,,No applications with costing in Pure,23-Mar,,,,,,,,,,,,,,,,
Category 3,International not-for profit organisations,Worldwide Cancer Research,"Research Grants (Note that each one is round specific, therefore rules may change in subsequent rounds)","Salary of the PI not usually allowable. Exception: PI may request salary only if they are a post‑doctoral researcher with 3–10 years post‑doctoral experience who is trying to establish independence; in this case a mentor (Head of Department or Research Group Head) must be named as a co‑applicant.
• No more than 2 full‑time salaries (research staff dedicated to the project) may be requested.
• PhD student salaries/stipends can be included.
• Tenured/tenure‑track/open‑ended staff salaries cannot be charged.
• Core support staff (e.g., technicians) cannot be charged.
• Purely clinical staff (e.g., research nurses) cannot be included.
","Grants cover direct costs of the project, including salaries of research staff working directly on the project (post‑docs, PhD students, technicians, etc.) – subject to the limits above.
• PI salary only under the specified exception.
• Staff must be dedicated to the project; partial salaries may be requested only if commitment is less than 100% and must be justified.
Refer to grant guidelines: 

https://www.worldwidecancerresearch.org/media/ar0ldauj/application-handbook-2026-full.pdf","Grants cover the
direct costs of the project including research consumables, the salaries of research staff
working directly on the project, travel to conferences or to visit collaborators, and any
essential services or small pieces of specialist or unusual equipment.","Purely clinical staff, e.g. research nurses involved in patient recruitment, cannot be included in the salary budget.",,"The host institution must cover all indirect and overhead costs. This is not negotiable even if it is standard practice for your institution to charge overheads to external grants.
https://www.worldwidecancerresearch.org/media/2905/grant-application-handbook-2023-partners-final.pdf",,0%,23-Mar,,,,,,,,,,,,,,,,
Category 3,"Australian not-for profit organisations/Australian philanthropy
",Tour de Cure,All schemes,"Allowable in principle, but eligibility and justification required.
• Grants fund salaries of researchers and research assistants directly related to the project.
• The Chief Investigator must be an Australian citizen, permanent resident, or have applied for permanent residency (residency must be confirmed before payment).
• Career disruptions are considered for time‑based eligibility (e.g., years since PhD).
• PhD Support Scholarships: up to $10,000 for students already holding a primary scholarship (RTP, NHMRC, etc.).","Allowable as direct costs of the project, including salaries for research staff and research assistants, and PhD student stipends (top‑up only for PhD Support Scholarships).
• Senior Research Grant (up to $200,000) – for >14 years post‑PhD.
• Mid‑Career Grant (up to $100,000) – 5–14 years post‑PhD.
• Early Career Grant (up to $100,000) – within 5 years post‑PhD.
• PhD Support Scholarships (up to $10,000) – must hold a primary PhD scholarship.","Direct research costs including:
• Consumables, equipment, analytic resources, data, biobanks, enabling infrastructure (via Matching Grants).
• Conference attendance (for PhD Support Scholarships – 50% of funding may be used for this).
• Travel, fieldwork, and other project‑specific expenses if justified.
• Infrastructure enabling multiple research projects (Matching Grants).","• Indirect costs – none of the grant proceeds may be directed to indirect costs of the Eligible Organisation.
• Any withholding of funds by an organisation not directly performing the work – 100% must flow to the project.
• Research projects submitted under the Support Grant category (those are for non‑research support initiatives).",,0 indirect costs allowed,,0%,23-Mar,Home Page - Tour de Cure,,,,,,,,,,,,,,,
Category 3,Australian not-for profit organisations,Ecological Society of Australia Ltd,Holsworth Wildlife Research Endowment,No - post-graduate student research support only,post-graduate student research support,"• Purchase of equipment, supplies, travel to study areas and conferences, publishing results.
• Final year applicants may apply for up to $3,000 for communication of research (publishing fees, conference costs – international conferences allowed).
• First and second year applicants may apply for up to $800 for domestic conferences only.

https://www.ecolsoc.org.au/awards/holsworth/application-guidelines/","Funding for course fees, personal laptops or computers will not be approved.",,Unallowable -  prefer that all the funds requested for the student’s research be allocated for the work of the student and not for the general administration of the School or Department,,0%,10-Apr,,,,,,,,,,,,,,,,
Category 3,Australian not-for profit organisations,Royal Australasian College of Physicians (RACP),"Research Establishment Fellowship 
Research Entry Scholarship","	Research Establishment Fellowship: Stipend support for the recipient (the Fellow) is provided. No separate CI salary.
Research Entry Scholarship: Stipend support only (for the student).","Research Establishment Fellowship: May include a short‑term research assistant appointment (salary).
Research Entry Scholarship: Stipend only – no other personnel costs.

https://www.racp.edu.au/about/foundation/research-awards-and-career-grants/research-establishment-fellowships","Research Establishment Fellowship: Other support such as laboratory set‑up costs.
Research Entry Scholarship: Not applicable (stipend only).","Not specified in the terms and conditions. However, Research Entry Scholarship funds must not be used for travel or project expenses.",,No provision for indirect costs or overheads in the terms. The award is for stipend and direct research support only.,,No applications with costing in Pure,10-Apr,,,,,,,,,,,,,,,,
Category 3,Australian not-for profit organisations,auDA Foundation,All Schemes,Not specified,Not specified - award specific,Not specified - award specific,"Conferences, overseas travel, marketing
• General operational or administrative functions, including for example: 
 o Firewalls 
 o Secure transaction functionality 
 o Online search functions 
 o Intranet. 

https://files.auda.org.au/documents/2025-auDA-Community-Grant-Guidelines.pdf",Required – Grantee must provide a contribution of at least 10% of total project cost (cash or in‑kind). The auDA grant cannot account for 100% of the project cost. (Section 10 – Grant conditions; Grant Agreement),Unallowable,,No applications with costing in Pure,10-Apr,,,,,,,,,,,,,,,,
Category 3,"Australian not-for profit organisations/Australian philanthropy
/Australian for-profit organisations
",Lung Foundation Australia,Research Grants (excluding Travel Grants),"	Allowable as direct costs. Personnel salary costs are explicitly listed as direct costs. ",Allowable for salaries of research personnel.,"	Allowable direct costs include:
• Equipment, maintenance and travel associated with professional development
• Consumables

https://lungfoundation.com.au/wp-content/uploads/2025/08/Grants-and-Awards-Policy_202508.pdf
"," indirect and fundraising costs of research; these are expected to be covered by the Research Institution.
However, Research Institutions may apply a brokerage/administration levy up to:
• 5% of total grant if providing matched funding
• 2.5% if not providing matched funding","Matched funding is preferred for grants >$10,000 (institution to match total grant value or more), but not mandatory. Matched funding is viewed favourably. ","Indirect and fundraising costs are not supported. However, an administration levy (capped at 5% or 2.5%) may be charged by the institution as a direct cost. This is not traditional indirect cost recovery.",,0% (but institution levy up to 5% or 2.5% may be applied),10-Apr,,,,,,,,,,,,,,,,
Category 3,International not-for profit organisations,Human Frontier Science Program,HFSP Research Grants,"No salary support (including summer salaries) can be paid from the grant for the Principal Applicant, Co-Applicant or other faculty, institutional staff such as secretaries or laboratory managers, and no student tuition fees can be paid.

https://www.hfsp.org/funding/hfsp-funding/research-grants","Salaries or stipends for research assistants (post-doctoral scientists, graduate students, technicians) essential for the new collaborative project.","No detailed budget is required. The award is for costs specifically linked to the project.

> Purchase of equipment must be essential for the new collaboration which is proposed.
> Costs of reagents, animals, disposables, computer software necessary for the scientific collaboration. 
> Consulting services and computer services specific to the project, including rental fees (fees for computer
or telephone networks may be included in the indirect costs.
> Publication costs (including open access fees), article translations, mail, express courier services
> Travel and per diem
https://www.hfsp.org/sites/default/files/Sciences/Grants/LI%20Guidelines.pdf","The funds provided by the HFSP are not intended to replace or supplement current domestic programs nor to provide basic institutional infrastructure.
https://www.hfsp.org/sites/default/files/Sciences/Grants/LI%20Guidelines.pdf",,"No more than 10% of the direct costs of the award, at each research institution, may be used for
indirect costs.",10% of direct costs per institution ,10% cap per institution,24-Mar,,,,,,,,,,,,,,,,
Category 3,International not-for profit organisations,Michael J Fox Foundation for Parkinson's Research,All schemes,"Personnel Salaries, fringe benefits, ","> Personnel salaries + Fringe benefits - Proposed Annual Salary per FTE for personnel may not exceed the NIH salary cap at the time of application.
> Post-Doctoral Fellow stipends if the individual is providing ≥ 75% effort on the project

https://app.getguru.com/card/cGq4LAki/MJFF-Team-and-Budget-Guidelines","Consultant fees, research supplies, standard research equipment and maintenance that is required to conduct the proposed research, excluding general office computer and software upgrades, travel costs, 

For clinical studies only, the following costs are allowable:
 - Costs associated with recruitment & retention, including participant travel and/or accommodations
- Costs associated with grantee regulatory submissions, including the filing and maintenance of an IND application
- Costs associated with manufacturing, reformulating, or packaging investigational drugs

https://app.getguru.com/card/cGq4LAki/MJFF-Team-and-Budget-Guidelines","General office technology, including computers, software upgrades, and fees. Specialized equipment and technology needs may be considered, if deemed necessary to conduct the proposed research.

General office expenses, such as office supplies

Publication costs

Travel to conferences and MJFF initiated meetings

Entertainment

Accommodation costs or living expenses

Laboratory or facility renovation

Tuition-related costs for students and post-doctoral fellows, including student insurance, housing, visa, and tuition fees

Indirect costs in excess of MJFF’s policy 

https://app.getguru.com/card/cGq4LAki/MJFF-Team-and-Budget-Guidelines
",,Up to 10% for for profit institutions and up to 15% for non-profit and academic institutions,,"up to 15% for non profit, 10% for for-profit",24-Mar,,,,,,,,,,,,,,,,
Category 3,"Australian for-profit organisations/Australian philanthropy/Australian for-profit organisations
",The Hospitals Contribution Fund of Australia (trading as HCF Research Foundation),">TRANSLATIONAL RESEARCH GRANTS
> HEALTH SERVICES RESEARCH
GRANTS SCHEME",Support salaries for individuals for their time committed to the project. Additional salary on-costs is limited to 20%.,Support salaries for individuals for their time committed to the project. Additional salary on-costs is limited to 20%.,"Direct Research costs:
▪ Equipment, materials and consumables: The purchase of essential items and equipment specifically required for the
project is allowed if such items are normally not available.
▪ Research services: Research services directly required for the successful conduct of the project are permitted. B. Reasonable expenses
for computer services, or purchase/licensing of software is also permitted.
▪ Travel: Funds for travel will only be considered when they form an integral part of the project.
▪ Participant recruitment: costs for participant recruitment may be included where there is a justifiable need.

Research Translation cost:
▪ Publishing fees
▪ Peer engagement and training
▪ Consumer/patient education
▪ Government, funder, college, national body and other stakeholder engagement
▪ Clinical guidelines and/or policy change
▪ Media and promotions

Refer to guidelines: https://www.hcf.com.au/pdf/foundation/Translational_Research_Grant_Application_Guidelines.pdf","▪ salaries for staff based outside Australia
▪ Software development costs 
▪ Provision of clinical services
▪ Institutional overhead and administration costs (including office supplies)
▪ Research infrastructure
▪ Insurance costs
▪ Costs related to intellectual property
▪ Entertainment, hospitality and personal expenses (including subscriptions and professional membership fees)

Refer to guidelines: https://www.hcf.com.au/pdf/foundation/Translational_Research_Grant_Application_Guidelines.pdf",,Unallowable,,0%,24-Mar,,,,,,,,,,,,,,,,
Category 2,"Commonwealth (own purpose)/Commonwealth (other)
",Office of National Intelligence (ONI) (Australia),National Intelligence Discovery Grants (NIDG),"Salary support for a named CI, with less than 10 years since the award of earliest PhD, including Allowable Career Interruptions
Salary for PI not allowed.","> salary support for personnel, for example research associates and assistants,
technicians and laboratory attendants at an appropriate salary level, including 30
per cent on-costs, at the employing organisation. Salary support may only be
provided for Australian citizens, Australian Permanent Residents or New Zealand
Special Category Visa holders;
> stipends for 1.0 full time equivalent (FTE) HDR candidates, at an appropriate level
for the Administering Organisation or the relevant industry sector. Stipends may
only be provided for students who are Australian citizens, Australian Permanent
Residents or New Zealand Special Category Visa holders;
> Specifically, salary support for a Post Graduate researcher through NISDRG fellowship/scholarship","teaching relief for CIs up to a total of $50,000 per CI per year
travel costs essential to the project
expenditure on field research essential to the project, including technical and logistical
support, travel expenses (including accommodation, meals and incidental costs)
equipment (and its maintenance) and consumables essential for the project

Refer to guidelines for full list of other allowable cost: https://www.grants.gov.au/Go/Show?GoUuid=e517a820-b7ab-415f-b40b-fca9a8eb41c6&keyword=GO7803","> not be provided for equipment or consumables that are considered to be for broad
general use
> capital works and general infrastructure costs
> basic facilities that should normally be funded by an Administering Organisation,
> costs not directly related to the project, including but not limited to professional
membership fees, professional development courses, fees for patent application and
maintenance, equipment for live music or drama performances, equipment for gallery
and museum exhibitions, visas, relocation costs, entertainment costs, purchase of
alcohol, insurance, mobile phones (purchase or call charges) and other indirect costs;
> fees for international students or the Higher Education Contribution Scheme (HECS) and
Higher Education Loan Program (HELP) liabilities for students;
> salaries and/or on-costs, in whole or in part for PIs; and
> Salaries and/or on-costs, in whole or in part for a named CI, with more than 10 years
since the award of earliest PhD, including Allowable Career Interruptions.

Refer to grant guidelines:https://www.grants.gov.au/Fo/DownloadDocument/548363d0-6937-46c9-a7ca-d667dfdfbd4f?docType=Fo&fileName=NISDRG%20Grant%20Guidelines%202023%20edition%20V2.pdf&location=s3Restricted",,"Unallowable -  ""costs not directly related to the project"" not allowed. ",,0%,24-Mar,,,,,,,,,,,,,,,,
Category 3,"Australian not-for profit organisations/ Australian philanthropy
",Rebecca L Cooper Medical Research Foundation,Rebecca Cooper Fellowship,"Fellowship Salary Support (includes on-costs such as annual leave/LSL) capped at 220,000 per annum and Research Support Pacakage (80,000 per annum for 5 years)
must commit minimum 0.8 Full Time Equivalent to the Fellowship.

https://cooperfoundation.org.au/pdf/Website-terms-and-conditions.pdf","The RSP may be used for salary costs to employ research staff.
Funds provided to conduct a Research Activity (RSPs) cannot be used to supplement the Fellows’ salary.","Direct research costs including: 

> Biospecimens and associated data
> Equipment unique and essential
> Publications and Open Access Costs
> supplies, postage and telephone expenses critical to completing the research
>Travel costs are only DRCs if directly related to the approved research objectives of the Research Activity

Refer to full list below: 
https://www.cooperfoundation.org.au/drcs/","Conferences, Entertainment, Meals, Hospitality

Refer to full list below: 
https://www.cooperfoundation.org.au/drcs/",,"Unallowable - The Administering Institution (“Institution”) must agree to meet any additional employment-related
expenses for the recipient, as well as the normal overhead and operating expenses of the Institution, as
required to support the Fellow’s research",,No applications with costing in Pure,24-Mar,,,,,,,,,,,,,,,,
Category 3,"International for-profit organisations/ International philanthropy/ International not-for profit organisations

",British Academy,BA/Leverhulme Small Research Grants,"Principal Researcher payments in lieu of salary are not allowed
https://www.thebritishacademy.ac.uk/documents/5867/Small_Research_Grants_Scheme_Guidance_2025-2026.pdf",research assistance (based in UK or abroad),"project planning and development costs (cost of travel for discussion in the UK and overseas; initial workshops with potential partners)
travel and maintenance for UK scholars; including travel to disseminate results of the research at conferences held either in the UK or abroad
travel and maintenance for overseas scholars engaged in collaborative research activity with UK partner(s)
research assistance (based in UK or abroad)
workshops or to advance the programme of research (principally the costs of travel and maintenance for key participants, though organisational costs may be considered)
consumables
specialist software
costs of interpreters in the field
Refer to guidelines for full list: https://www.thebritishacademy.ac.uk/funding/schemes/ba-leverhulme-small-research-grants/guidance-notes/","institutional overheads, or any element that should properly be ascribed to institutional overheads; computer hardware including laptops, electronic notebooks, digital cameras, etc; books and other permanent resources; the preparation of camera-ready copy, copy-editing, proof-reading, indexing, nor any other editorial task; subventions for direct production costs (printing, binding, distribution, marketing etc); costs of publication in electronic media; payment to the principal researcher(s) in lieu of salary, or for personal maintenance at home; replacement teaching costs; travel and maintenance expenses for purposes such as lecture tours or to write up the results of research.",,Unallowable,,No applications with costing in Pure,24-Mar,,,,,,,,,,,,,,,,
Category 3,"International for-profit organisations/ International philanthropy/ International not-for profit organisations

",British Academy,British Academy Conference (BAC) Grant,Principal Researcher payments in lieu of salary are not allowed,Unallowable,"Venue Hire, Accomodation, economy travel, AV services, Catering, speaker visa costs,consumables

Refer to table for full list
https://www.thebritishacademy.ac.uk/documents/5959/Conferences_2027-2028_Scheme_Guidance_Notes.pdf","Keynote speaker fees, advertising fees to promote conferences (BA will promote), consultancy or staff costs,, research assistance.

Refer to table for full list
https://www.thebritishacademy.ac.uk/documents/5959/Conferences_2027-2028_Scheme_Guidance_Notes.pdf",,Unallowable,,No applications with costing in Pure,13-Apr,,,,,,,,,,,,,,,,
Category 3,"International for-profit organisations/ International philanthropy/ International not-for profit organisations

",British Academy,Visiting Fellowships,Unallowable,"Research assistance is allowable under “research expenses” (up to £10,000), but no salary or fee for the applicant is permitted.","Allowable costs (maximum £40,000 total):
• Subsistence and accommodation – up to £15,000
• Research expenses – up to £10,000 (e.g., archival research, training, conferences, dissemination, research assistance)
• Travel expenses – up to £3,000
• Host institution contribution – up to £12,000 (paid to the UK host to support the Fellowship)
• Childcare support – considered as allowable research expenses
• Consumables – specialist software, datasets, photocopies, microfilms, minor items used up during the award

https://www.thebritishacademy.ac.uk/funding/schemes/visiting-fellowships/guidance-notes/","a) Purchasing of assets
b) Research expenses may not be used to pay for: publication costs
c) computer hardware including laptops, electronic notebooks, digital cameras, etc;
d) books and other permanent resources;
e) the preparation of camera-ready copy, copy-editing, proof-reading, indexing, nor any
other editorial task;
f) subventions for direct production costs (printing, binding, distribution, marketing
etc);
g) costs of publication in electronic media;
h) carbon offsetting;
i) open access fees",,Unallowable,,0%,24-Mar,,,,,,,,,,,,,,,,
Category 3,"International for-profit organisations/ International philanthropy/ International not-for profit organisations

",British Academy,Global Professorship,Directly incurred salary costs of the award-holder (to be negotiated),"Research assistance, directly supporting the goals of the Global Professorship (e.g. additional member of staff in the relevant department/team) ","Research expenses, including travel, subsistence, accommodation, consumables, training, conferences, dissemination, and one-off relocation and visa expenses
Refer to guidelines for full list

https://www.thebritishacademy.ac.uk/funding/schemes/global-professorships/guidance-notes/","• purchasing of assets;
• PhD studentships;
• computer hardware including laptops, electronic notebooks, digital cameras, etc;
• books and other permanent resources;
• the preparation of camera-ready copy, copy-editing, proof-reading, indexing, nor any
other editorial task;
• subventions for direct production costs (printing, binding, distribution, marketing etc);
• costs of publication in electronic media;
• carbon offsetting;
• open access fees",,Estates and indirect costs of the UK host institution in administering the award are allowed. No fixed percentage noted.,Not a fixed percentage – but indicative caps are provided (estates up to £20k p.a.; indirect costs up to £45k p.a.). The final amount is subject to negotiation and value‑for‑money assessment.,"Up to £45,000 per annum (indicative) for indirect costs, plus up to £20,000 per annum for estates (if included).",10-Apr,,,,,,,,,,,,,,,,
Category 3,International not-for profit organisations,AXA Research Funds,AXA Chair,"Allowable.
The grant is expected to primarily cover the Chairholder’s salary (annual gross salary) as a full‑time position in the host institution.
The Chairholder must be PhD + 10 years minimum at the time of application.","Allowable.
• Post‑doctoral and PhD expenses (including selection process costs, Junior Research Fellows Grants)
• Research staff salaries","• AXA Chairholder expenses (incl. annual gross salary, travel & accommodation costs, etc.);
• Post-Doctoral, PhD expenses (incl. selection process costs, Junior Research Fellows Grants,
etc.);
• Purchase of scientific equipment and resources (databases, survey costs, consumables,
etc.); and
• Costs associated with the organization of academic and public engagement activities. 

Refer to guidelines: https://axa-research.org/storage/media/1835/AXARF_Chair-application-guidelines_2025.pdf","The AXA Research Fund does not cover expenses that are not directly connected to the Chair Research Program. Therefore, the AXA Research grant cannot be used for administrative and
infrastructural expenses.",,Unallowable,,0%,24-Mar,,,,,,,,,,,,,,,,
Category 3,International government (own purpose),Global Affairs Canada,Unsoliciated proposals/Calls,"	Allowable (as personnel costs). Daily rates for employees (excluding local employees) actually paid for time worked on the project, plus fringe benefits, are eligible. ","	Allowable for:
• Organisation’s employees (daily rates calculated from annual salary plus benefits, divided by 260 days minus allowable time off) – requires timesheets.
• Local employees – actual salaries and fringe benefits in accordance with local laws and practices.
• Subcontractors with arm’s‑length relationship – fees not exceeding fair market value; total subcontracting ≤20% of total contribution.
Refer to guidelines for further information:
https://www.international.gc.ca/world-monde/funding-financement/eligible_costs_guidance-directives_cout_admissibles.aspx?lang=eng","Allowable direct costs include:
• Travel costs (lowest available airfare, economy class; meals, incidentals, accommodation per Treasury Board directives; visa costs)
• Training costs for students/trainees (per Guide to Managing Award Holders) and other training costs (course development, materials, translation, meeting costs)
• Goods, assets, supplies (purchase, rental, maintenance, transport, insurance – at fair market value)
• Project administration: telecommunications, mail, courier, translation, printing, production, meeting/conference costs, seminars/workshops, bank transfer fees
• Overseas costs (rent, utilities, office expenses, computer, maintenance – subject to prior written approval)

Refer to guidelines for further information:
https://www.international.gc.ca/world-monde/funding-financement/eligible_costs_guidance-directives_cout_admissibles.aspx?lang=eng","Explicitly not funded:
• Entertainment expenses
• Costs incurred before the effective date of the agreement
• Gifts
• Travel insurance (except emergency health travel insurance for volunteers or as approved)
• Carrying charges, membership fees, patents
• Immunisations or medications (except vaccines for volunteers or as allowed)
• Interest expenses
• Costs related to non‑authorised accompanying family members",,"For non‑Canadian organisations (including Australian institutions), the overhead compensation rate(s) will be negotiated on a case‑by‑case basis. No fixed percentage is provided.
• Flow‑through funds and large capital expenditures (each item ≥$100,000) are not eligible for overhead.","	Negotiated (case‑by‑case) – not fixed",Not applicable (depends on negotiation),10-Apr,,,,,,,,,,,,,,,,
Category 3,International not-for profit organisations,Simons Foundation,"All Schemes (The 2022 application was in relation to the Simons Collaboration on Plasticity and the Aging Brain award), which follows the general grant guidelines. Some awards have more specific costs allowed/not allowed","Allowable.
• No salary cap for Principal Investigators (PIs) or other faculty; compensation prorated according to percent effort on the grant.
• No minimum percent effort required, but PIs are expected to participate in Foundation‑organized activities. ","Allowable for:
• Postdoctoral research associates (or equivalent employees) – must be employees with benefits; no salary cap.
• Graduate research assistants – no cap on compensation package (prorated).
• Postdoctoral fellows – stipend amounts outlined in award letter; fellowship stipends may not be supplemented without authorisation.
Refer to the link below for the full description

https://www.simonsfoundation.org/funding-opportunities/policies-and-procedures","	Allowable direct costs include:
• Research supplies (no detailed justification required unless stated)
• Equipment with a unit cost of $50,000 or less (owned by the PI’s institution)
• Publication expenses, including Open Access costs
• Travel that is reasonable, necessary, and directly related to the scope of work",Not specified in guidelines,,"Yes, capped at 20% of direct costs (non‑negotiable).
Exceptions: equipment with a unit cost over $10,000, tuition, and any portion of each subcontractor cost in excess of $25,000.
• Primary institution may take indirect costs on the first $25,000 of each subcontract.
• Subcontractor’s indirect costs may not exceed 20% of its modified total direct costs.
• No indirect costs may be taken on Simons Foundation postdoctoral fellowships.
https://www.simonsfoundation.org/funding-opportunities/policies-and-procedures
","	20% of direct costs (with exceptions)","20% (of eligible direct costs, excluding equipment >$10,000, tuition, and subcontract amounts >$25,000)",10-Apr,,,,,,,,,,,,,,,,
Category 3,International not-for profit organisations,Leukemia & Lymphoma Society,Discovery Grant Program (DGP),"Personnel Expenses: the PI and Co-PI’s salaries and fringe benefits must be capped
at 40% of the total grant amount, except in exceptional circumstances where a
higher cap is justified by the applicant",refer to column E,"Permissible Direct Costs
• Supplies & Materials requests should be itemized by category
• Other Research Costs (e.g., animal care, pathology services, etc.)
• Equipment Purchase requests must identify each item of equipment with an
acquisition cost of not more than a total of $25,000 annually
• Travel Expense requests cannot exceed $3,000 per year of the award
• Other Direct Cost requests can include subcontract costs (e.g., external sequencing
service)


https://www.lls.org/sites/default/files/2023-09/DGP%20Guidelines%20and%20Instructions.pdf","Impermissible Costs include membership dues, tuition, books, journals, and publication costs.",,"Indirect costs are limited to 10% of the total award value of $750,000, or $250,000 per year. For institutions that do not choose to use these funds for indirect costs, LLS allows the funds to be applied to the direct costs.",,No applications with costing in Pure,13-Apr,,,,,,,,,,,,,,,,
Category 3,Australian not-for profit organisations,Dementia Australia Research Foundation Ltd,DARF Project Grant,"CI salary may be requested only if:
• The CI has no other source of salary;
• The request is well justified; and
• It does not make up 100% of the budget (other project costs must be included).","Allowable for:
• Salaries of lab and/or research assistants
• PhD or Masters stipends for research personnel (not the CI) – must be justified and directly linked to project outcomes.","Funding can only be applied to costs that are directly related to achieving the objectives and outcomes of the project, including reimbursements to people living with dementia, their carers and families and/or the wider public for reasonable costsassociated with their involvement in the project (e.g. their time, travel costs, phone calls). It is also recommended that applicants include recruitment costs in the budget (e.g. funding for advertising and participation incentives).

costs associated with organising meetings with policy makers or advisory group members can be included in the budget, where they directly relate to a specific project activity.

Apart from Travel Grants, conference travel cannot be included in the budget, however, costs associated with open access publications can be included.

Refer to Guidelines for full information:
https://www.dementia.org.au/sites/default/files/2025-06/2025_DARF_InformationForApplicants.pdf?slug=sites&slug=default&slug=files&slug=2025-06&slug=2025_DARF_InformationForApplicants.pdf
","University infrastructure costs or levies should not be included in the budget

https://www.dementia.org.au/sites/default/files/2025-06/2025_DARF_InformationForApplicants.pdf?slug=sites&slug=default&slug=files&slug=2025-06&slug=2025_DARF_InformationForApplicants.pdf",,Unallowable,,No applications with costing in Pure,24-Mar,,,,,,,,,,,,,,,,
Category 3,Australian not-for profit organisations,Dementia Australia Research Foundation Ltd,Mid-Career Research Fellowships/Postdoctoral Fellowships,"Salary component included in the award.
• Post‑doctoral Fellowship: salary $118,000 p.a. (may be indexed) + $85,000 project grant.
• Mid‑Career Fellowship: salary $157,000 p.a. (may be indexed) + $85,000 project grant.
• Race Against Dementia Fellowship: salary $118,000 p.a. + $125,000 project grant ($85,000 in first 3 years, $40,000 after satisfactory 3‑year review).
• Host institution covers salary and on‑cost expenses above the salary component.","	CI costs are covered by the salary component.
The project grant component may be used for:
• Research assistance salaries
• PhD/Masters stipends for research personnel (not the CI)
• Reimbursements for people with lived experience (time, travel, phone calls)
• Recruitment costs (advertising, incentives)
• Open access publication costs
• For Race Against Dementia Fellowship: secondment costs (visa, relocation, travel)",Any excess salary can also be put towards research expenses. Refer to DARF project Grant other costs allowable for information.,"	Not funded:
• University infrastructure costs or levies (including standard equipment like computer hardware)
• Conference travel (except under separate Travel Grants)
• Indirect / overhead costs",,Unallowable,,0%,24-Mar,,,,,,,,,,,,,,,,
Category 3,"Australian not-for profit organisations/Australian for-profit organisations
",Norman Beischer Medical Research Foundation,Innovation Grants,Not specified in guidelines,"	Allowable for research assistants (salary).
No mention of salary for the Principal Investigator.","consumable items, and equipment","In general, funds are not available for secretarial assistance or personal computers, or items considered as standard for any research institution. Funds are not available for travel expenses.

https://nbmrf.org.au/wp-content/uploads/2023/06/2024-Innovation-Grant-Application-Guidelines.pdf",,Not specified in guidelines,,0%,24-Mar,,,,,,,,,,,,,,,,
Category 3,Australian not-for profit organisations,Australian Academy of Science,"The Thomas Davies Research Grant for Marine, Soil and Plant Biology",Unallowable,Research assistant salaries allowed,"Funding may be used towards the costs of research assistant salaries, equipment and other costs not covered from other sources.

https://www.science.org.au/supporting-science/awards-and-opportunities/thomas-davies-research-grant-marine-soil-and-plant-biology-0","Funding may not cover bench fees, managerial costs, insurance or visa costs or primary researcher salaries.",,"No. Overhead expenses (bench fees, managerial, infrastructure costs) are explicitly excluded. ",,0%,24-Mar,,,,,,,,,,,,,,,,
Category 3,Australian not-for profit organisations,Australian Academy of Science,Australian Academy of Science Fellowships to the Lindau Nobel Laureate Meetings,"This is a grant specifically to attend the LIndau Nobel Laureate Meeting, therefore only costs in Column G are allowed","This is a grant specifically to attend the LIndau Nobel Laureate Meeting, therefore only costs in Column G are allowed","an international return economy airfare from Australia to Germany (up to AUD4,000) organised by the Academy
the registration fee to participate in the Lindau Nobel Laureate Meeting of EUR2,500 (up to AUD4,000). The registration fee includes accommodation from 30 June- 5 July inclusive

https://www.science.org.au/supporting-science/awards-and-opportunities/lindau-nobel-laureate-meetings","This is a grant specifically to attend the LIndau Nobel Laureate Meeting, therefore only costs in Column G are allowed",,"This is a grant specifically to attend the LIndau Nobel Laureate Meeting, therefore only costs in Column G are allowed",,No applications with costing in Pure,24-Mar,,,,,,,,,,,,,,,,
Category 3,Australian not-for profit organisations,Australian Academy of Science,The Margaret Middleton Fund for endangered Australian native vertebrate animals,Salaries not supported,Salaries not supported,"Journal page charges up to a maximum of $2,000 may be supported.","Conference travel is not supported
This grant does not provide funds for bench fees, managerial, visa, insurance or infrastructure costs, or salaries.

https://www.science.org.au/supporting-science/awards-and-opportunities/margaret-middleton-fund-endangered-australian-native-vertebrate-animals-0",,Not specified in guidelines,,0%,24-Mar,,,,,,,,,,,,,,,,
Category 3,Australian not-for profit organisations,Stroke Foundation,Seed Grant,"	Not specified for CI salary.
The grant supports personnel costs such as research assistants, casual help, and lived experience remuneration. The Principal Investigator’s salary is not listed as an eligible item.","Allowable for:
• Research assistants
• Casual help
• Lived experience remuneration (sitting fees, out‑of‑pocket expenses)
• Salary on‑costs may be included.","• Travel (domestic/international)
• Consumables
• Small items of equipment necessary to carry out the project
• Other assistance necessary for the project","• Indirect costs (institutional fees, infrastructure, overheads)
• Equipment‑only proposals
• PhD stipend top‑ups
• Conference registration, presentation of results, publication costs (outside scope)",,"Stroke Foundation Research Grants are subject to conditions of award and do not provide funding for indirect costs (i.e. institutional fees, infrastructure, overheads)

https://strokefoundation.org.au/what-we-do/research/research-grants",,No applications with costing in Pure,24-Mar,,,,,,,,,,,,,,,,
Category 3,"International not-for profit organisations/International for-profit organisations
",EuroQol Research Foundation,"Joint Call for Proposal (includes research grants, individual grants, dissemination and Knowledge transfer","Allowable as personnel costs, subject to the Foundation’s maximum daily rates:
• Senior researchers (≥ associate professor): €138.50/hour, €1108.00/day
• Less experienced researchers (post‑docs, assistant professors): €105.50/hour, €844.00/day
• Students & office staff: €55.25/hour, €442.00/day","Allowable for research staff, including preparation, data acquisition, and analysis. Rates are maxima; institutions may apply lower rates. Salaries for EuroQol Office staff can be included at the senior researcher rate if agreed.","• Data acquisition costs
• Material costs and other preparation costs
• Dissemination costs

Refer to guidelines for further information on each category:
https://euroqol-domain.ams3.digitaloceanspaces.com/wp-content/uploads/2026/02/16125721/EuroQol-21st-Joint-Call-for-Proposals-with-appendices.pdf

","It is not possible to request funding to cover indirect costs or overheads. 

Institutional overhead expenses, indirects, material costs and travel expenses are not covered for Seed Grants.

https://euroqol-domain.ams3.digitaloceanspaces.com/wp-content/uploads/2026/02/16125721/EuroQol-21st-Joint-Call-for-Proposals-with-appendices.pdf
",,It is not possible to request funding to cover indirect costs or overheads for both individual grants + research grants,,0%,24-Mar,,,,,,,,,,,,,,,,
Category 3,Australian not-for profit organisations,Arthritis Australia,Project Grants,Not mentioned,Not specified in guidelines,"Research funds may only be used as direct costs for the specific purpose noted in the application.

https://arthritisaustralia.com.au/wordpress/wp-content/uploads/2025/04/Arthritis-Australia-National-Research-Program-Grant-Guidelines-2026.pdf",Not specified in guidelines,,"Unallowable - assumed not as only ""Direct costs"" are allowed.",,0%,24-Mar,,,,,,,,,,,,,,,,
Category 3,Australian not-for profit organisations,Arthritis Australia,ARA Victorian Fellowship ,"	Not specified. The fellowship is designed to support the self‑development of a trainee/rheumatologist (the award recipient). The funds may be used for the recipient’s salary/stipend and associated costs.",Allowable for the recipient’s salary or stipend during the training/research activity. No further detail on other personnel. ,"The fellowship (up to $50,000) may be used for activities that support the recipient’s development in a clinical or research discipline in Rheumatology, including:
• Undertaking a higher degree in Victoria
• Specialised clinical training (including interstate)
• A research project under supervision, with a view to publication and dissemination
• Associated costs such as travel, accommodation, research expenses, or clinical training costs, as justified in the application.
https://arthritisaustralia.com.au/wordpress/wp-content/uploads/2025/04/Arthritis-Australia-National-Research-Program-Grant-Guidelines-2026.pdf",Not specified in guidelines,,Not specified in guidelines,,No applications with costing in Pure,24-Mar,,,,,,,,,,,,,,,,
Category 3,"International not-for profit organisations/ International for-profit organisations

",National Multiple Sclerosis Society,Research Grant,"The principal investigator must spend at least 5% of his or her time working on the
grant, with or without salary support. However, the salary support may not exceed 75% of the PI’s salary.
All other investigators and co-investigators are not impacted by the PI percent effort restrictions and their
salary may be requested in proportion to the time they spend directly on research supported by the grant","Salaries for technical and non-professional personnel, including stipend or salary for graduate student workers,
may be requested in proportion to the time they will spend on research directly supported by the grant.

Postdoctoral researchers may be supported on research grants, as technical or non-professional
collaborators.

Costs to the grantee institution of Social Security, retirement and group insurance plans may be requested in the
application for persons whose salaries are to be paid from the grant. 

Refer to guidelines for further information: https://optimyapp-public.s3.eu-central-1.amazonaws.com/r6fnq003xnni/NMSS%20RESEARCH%20GRANT%20MANUAL_2025.pdf","Patient Care Costs, Consumable Supplies, Travel, Permanent Equipment.

Refer to grant guidelines for the full description: https://optimyapp-public.s3.eu-central-1.amazonaws.com/r6fnq003xnni/NMSS%20RESEARCH%20GRANT%20MANUAL_2025.pdf","Grant funds may not be used for facilities and administration costs (F&A). This includes but is not limited to administrative support staff, purchasing, accounting, financial record keeping, or laundry and maintenance services. With the exception of some training programs, funds may not be used to offset any tuition or other similar fees, or dues to organizations such as federations or societies. 

Construction or renovation costs are not permissible expenditures under any circumstances.

Additionally, publication fees in excess of $1500 per year must be clearly justified and, for multiyear projects, the Society will not pay publication fees in the first year.

Refer to grant guidelines for the full description: https://optimyapp-public.s3.eu-central-1.amazonaws.com/r6fnq003xnni/NMSS%20RESEARCH%20GRANT%20MANUAL_2025.pdf

",,Indirect costs will not be provided for grants or subcontracts to institutions outside of the United States. ,,0%,13-Apr,,,,,,,,,,,,,,,,
Category 3,International not-for profit organisations,LEO Foundation,All schemes,The Grant shall be used strictly and solely towards the running and completion of the Project in accordance with the Project description and Project budget outlined in the Grant application and the Project Specific Terms,The Grant shall be used strictly and solely towards the running and completion of the Project in accordance with the Project description and Project budget outlined in the Grant application and the Project Specific Terms,The Grant shall be used strictly and solely towards the running and completion of the Project in accordance with the Project description and Project budget outlined in the Grant application and the Project Specific Terms,Not specified in guidelines,," The Grant must not be applied towards payment of any administration fees, overheads or similar charges imposed by the Host or any third party in excess of 5% of the total Grant sum.

https://leo-foundation.org/en/grants-and-awards/research-grants/grant-terms-and-conditions/",,0%,"there are different schemes, not sure if I add a new row",,,,,,,,,,,,,,,,
Category 3,"International government (other) – USA Gov/International government (own purpose) – USA Gov
",Office of Naval Research,Office of Naval Research - Long Range Broad Agency Announcement for Navy and Marine Corps Science & Technology,"	Allowable as direct labor. Personnel costs (salaries, wages) of the Principal Investigator, other key personnel, and research staff are allowable when directly allocable to the project.","Direct Labour, Fringe Benefits, labour O/H. 

No specific grant guidelines, however refer to cost categories in cost proposal template provided on the website :https://www.nre.navy.mil/assets/migration/cost-proposal-template.xlsx ","Subcontracts, consultants, materials, supplies, equipment, travel, material handling, other direct costs (such as rental fees, shipping costs, license fees), G&A, Facilities Cost of Money.

No specific grant guidelines, however refer to cost categories in cost proposal template provided on the website :https://www.nre.navy.mil/assets/migration/cost-proposal-template.xlsx ",Not specified in guidelines,,"Yes, for all award types.
• For grants/cooperative agreements: F&A (indirect) costs are allowable at the organization’s negotiated rate (with a copy of the rate agreement provided) or the de minimis rate of 10% of modified total direct costs if no negotiated rate exists. (Section: Full Proposal Requirements – Research & Related Budget)
• For contracts/other transactions: overhead, G&A, and material handling costs are allowable as part of the cost proposal, subject to negotiation. (Section: Full Proposal Requirements – Cost Proposal Template)",Negotiated rate (varies by institution) or de minimis 10% for grants/cooperative agreements without a negotiated rate. No fixed percentage is set in the BAA.,rates are either negotiated or the de minimis 10% (for grants) applies. ,24-Mar,,,,,,,,,,,,,,,,
Category 3,International government (other),Economic and Social Research Council,All research grant schemes (through JeS),"Allowable (as part of direct costs).
Salaries of Principal Investigator and Co‑Investigators (including UK‑based business, civil society, and international Co‑Is) are allowable at 100% fEC, but ESRC funds 80% of these costs.","Allowable for research staff (postdocs, research assistants, technicians).
• Directly Incurred staff (actual, verifiable time) – e.g., researchers, technicians.
• Directly Allocated staff (estimated time) – e.g., investigators, support staff.
• Visiting researchers (up to 12 months per individual) – costs can be claimed.
• Apprentice Levy costs are also allowable.
• Associated studentships are not allowed under this call.","Travel and Subsistence
Hire of vehicles, recruitment and advertising costs.
Consultancy Fees
Computer equipment
Equipment

Refer to the Guidelines for full list and further description of costs allowed: https://www.ukri.org/wp-content/uploads/2023/03/ESRC-170323-Funding-Opp-ResearchGrants-JeSGuidance.pdf","Costs associated to Students must not be charged to the Grant

https://www.ukri.org/wp-content/uploads/2023/03/ESRC-170323-Funding-Opp-ResearchGrants-JeSGuidance.pdf",," Indirect costs (estates and indirect costs) are included in the fEC model and are funded at 80% by ESRC. The rate is determined by the Research Organisation’s TRAC methodology and does not require justification in the proposal.

https://www.ukri.org/wp-content/uploads/2023/03/ESRC-170323-Funding-Opp-ResearchGrants-JeSGuidance.pdf",Varies by institution – calculated using the TRAC (Transparent Approach to Costing) methodology. No fixed percentage is set by ESRC.,0%,24-Mar,,,,,,,,,,,,,,,,
Category 3,International philanthropy,Fritz Thyssen Foundation,Research Projects,"• Humanities/Social Sciences: applicants may apply for their own post (as sole applicant) if they are a junior scholar with a doctoral degree; in this case, no additional research assistant funds may be requested.
• Medicine: the applicant must have a PhD, be at an early career stage (2–4 years post‑doc), and already head or intend to establish an independent research group.
• Complete personnel costs for research staff with doctoral degrees can be applied for (TVL‑E13 in Germany).","In the case of research staff who do not have doctoral degrees, their pay is generally based on 65% of a TVL-E13-positions.

Non-academic personnel are paid at the appropriate TVL level.

Student helpers or research assistants allowed

https://www.fritz-thyssen-stiftung.de/en/funding/types-of-support/support-of-projects/","• Travel costs directly connected to the project (economy class travel, reasonable accommodation; meals up to €28/day within Germany; for travel abroad, applicable daily/monthly rates).
• One‑off costs (special literature, licenses, small equipment).
• Annual running costs (supplies).
• Costs for experimental animals and animal facilities (medicine).
• Other costs (contracts with outside providers, works agreements, core facility use).

Refer to guidelines for further description: https://www.fritz-thyssen-stiftung.de/en/funding/types-of-support/support-of-projects/","Staff resources for applicants who already have a post (substituting for chairs or similar)
Financial resources for construction work
Financial resources to procure office furnishings and equipment that are usually part of the basic furnishings at universities and institutes
Generally no financial resources are granted to defray overhead costs",,Unallowable,,0%,24-Mar,,,,,,,,,,,,,,,,
Category 3,International not-for profit organisations,Abdul Latif Jameel Poverty Action Lab,ATAI call for proposal,ATAI Initiative does not cover PI salaries.," 
 	
Personnel (salary, benefits, allowances )","J-PAL Initiative Full Grants Budget Template_July2022.xlsx

Travel costs, materials and consumables, field costs. Refer to link to budget template link.","Unallowable costs include those labeled as “incidental,” “miscellaneous,” or “contingency.”

Project Implementation Costs: For full research projects, implementation costs are expected to
be borne by the project partners.

https://drive.google.com/file/d/1u3i7e9bWwVmM7K83XkzJViuW_1mV9khR/view",,"Universities in high-income countries (generally defined as the US, Canada, Western Europe,
Japan, Korea, Singapore, Australia and New Zealand, Israel, and wealthy Middle Eastern
countries) can charge up to 10% in indirect costs, applied to total direct costs.

https://drive.google.com/file/d/1u3i7e9bWwVmM7K83XkzJViuW_1mV9khR/view?usp=share_link",,10%,24-Mar,,,,,,,,,,,,,,,,
Category 3,International government (other),"UKRI - United Kingdom Research and Innovation
",UKRI Research Grants,Same funding principlpes as Economic and Social Research Council,Same funding principlpes as Economic and Social Research Council,Same funding principlpes as Economic and Social Research Council,Same funding principlpes as Economic and Social Research Council,,Same funding principlpes as Economic and Social Research Council,,0%,24-Mar,,,,,,,,,,,,,,,,
Category 3,International government (own purpose),"UKRI - United Kingdom Research and Innovation
",UKRI PHIND,a contribution to the salary of the principal investigator and co-investigators allowed,support for other posts such as research and technical,"research consumables
equipment
travel costs
data preservation, data sharing and dissemination costs
estates and indirect costs

A limited amount (approximately 15%) of the overall cost may be allocated to some acceptability and feasibility research

https://www.ukri.org/opportunity/public-health-intervention-development/","research involving randomised trials or clinical interventions
costs for PhD studentships
publication costs
funding to use as a ‘bridge’ between grants
time spent developing applications for further funding",,"Yes – as part of the fEC model.
Estates and indirect costs are allowable and included in the full economic cost. UKRI funds 80% of these costs for UK organisations.","	Varies by institution – determined by the host organisation’s approved fEC rates (indirect costs are not a separate percentage but part of the overall fEC).",23%,24-Mar,not 0%?,,,,,,,,,,,,,,,
Category 3,International not-for profit organisations,Prostate Cancer UK,Career Acceleration Fellowships, The salary of the Fellow ,Additional laboratory personnel support if required (e.g. laboratory technician time) ,"• Research consumables (that are direct costs of the project) 
• Collaboration costs (including associated travel) 
• Conference costs ","Clinical researchers are no longer supported

list : https://prostatecanceruk.org/media/c0yjjahf/2026-career-acceleration-fellowships-guidance-final.pdf",,"	No. There is no provision for estates or indirect costs in the budget guidelines. The host institution is expected to cover overheads and facilities.",,No applications with costing in Pure,24-Mar,,,,,,,,,,,,,,,,
Category 3,State/Territory/Local (own purpose),iCare NSW (Insurance and Care NSW) (New South Wales),iCare - Dust Diseases Board Grant,"The candidate (Chief Investigator) is the award recipient.
• PhD Scholarships: stipend/salary for the candidate (up to $40,000 p.a.).
• Post‑Doctoral and Prevention Fellowships: salary for the candidate (up to $80,000 or $122,000 p.a.).
• Clinical Fellowships: salary for the candidate (up to $80,000 p.a.)","	Allowable for the candidate’s salary/stipend.
Additional research staff (research assistants, technicians) may be funded from the project budget, where justified, as part of direct research costs.","Allowable direct costs (included within the total funding) include:
• Research consumables, equipment, and materials
• Travel essential to the project (justified)
• Costs for data collection, analysis, and dissemination
• Risk management, dissemination plans, and other project‑specific costs

https://www.icare.nsw.gov.au/injured-or-ill-people/work-related-dust-disease/dust-diseases-board-research-grants#application-section",Funds will not be provided to cover any overhead costs levied by the Administering Institution or organisation,,"Funds will not be provided to cover any overhead
costs levied by the Administering Institution or
organisation",,No applications with costing in Pure,24-Mar,,,,,,,,,,,,,,,,
Category 2,State/Territory/Local (other),Department of Health (DH) (Victoria),Victorian Medical Research Acceleration Fund (VMRAF) - This is specific to Round 8 and may differ slightly for subsequent rounds,"	Allowable as part of the project budget. The grant supports salaries of research personnel directly contributing to the project, including the Chief Investigator (CI) where justified.","	Allowable for salaries of research staff directly contributing to the project.","Allowable direct research costs including consumables, equipment, travel, and other project‑related expenses.",Not specified in the guidelines. Standard government grant exclusions would typically apply.,"Mandatory cash co‑contribution – a 1:1 cash match is required. Preference is given to projects where this cash contribution comes from a Collaborating Partner rather than the lead institution.

https://sites.research.unimelb.edu.au/research-funding/domestic/djpr-victorian-medical-research-acceleration-fund-vmraf-and-mrna-vmraf",No – a mandatory 1:1 cash co‑contribution is required instead of a traditional indirect cost rate.,,0%,13-Apr,,,,,,,,,,,,,,,,
Category 3,Australian not-for profit organisations,Garnett Passe and Rodney Williams Memorial Foundation,Clinical Research Grant,"purpose of the award is to go towards the employment of a part-time research assistant, research
nurse or graduate student. refer to column F

https://gprwmf.org.au/wp-content/uploads/Instructions-for-Applicants_v8.pdf","At least 80% of the Funding must be used towards the employment of a research assistant,
research nurse or graduate student. Personnel salaries including on-costs such as annual leave and long service leave entitlements;","consumables and equipment;
patient-related costs;
project related travel costs; and
other justifiable project-related expenses (as determined by the Board);
Refer to guidelines:
https://gprwmf.org.au/wp-content/uploads/Instructions-for-Applicants_v8.pdf

Refer to link for budget Template
https://gprwmf.org.au/wp-content/uploads/GPRWMF-Budget-Template-v4.xlsx","Funding may not be used towards conference attendance, publication costs or intellectual property-related costs.

Funding may not be used to fund institutional overheads, administrative charges and other indirect costs of research.

https://gprwmf.org.au/awards/clinical-research-grant/",,Unallowable- Refer to column H,,0%,10-Apr,,,,,,,,,,,,,,,,
Category 3,Australian not-for profit organisations,Garnett Passe and Rodney Williams Memorial Foundation,Conjoint Grant,"Allowable as personnel costs.
Funding may be used for personnel salaries including on‑costs (annual leave, long service leave).
The two Chief Investigators (CIA and CIB) – one clinical practitioner, one scientific researcher – may have their salaries supported if justified as project‑related personnel.","personnel salaries including on-costs such as annual leave and long service leave
entitlements;","consumables and equipment;
patient-related costs;
project related travel costs; and
other justifiable project-related expenses (as determined by the Board);
Refer to guidelines:
https://gprwmf.org.au/wp-content/uploads/Instructions-for-Applicants_v8.pdf
","Funding may not be used to fund institutional overheads, administrative charges, and other indirect costs of research",,Unallowable - Refer to column H,,0%,10-Apr,,,,,,,,,,,,,,,,
Category 3,Australian not-for profit organisations,"Multiple Sclerosis Research Australia (trading as National Multiple Sclerosis Research Foundation Limited)
",Project Grant,Allowable. The grant may be used for salaries of Chief Investigators and other personnel essential to the project. (Section 5.1.1),"Allowable for salaries, project costs, and consumables essential to the project within Australia. (Section 5.1.1)

https://www.msaustralia.org.au/annual-funding-opportunities/types-of-grants/",Section F,"The institution remains responsible for normal overhead expenses including maintenance costs on
equipment purchased with MS Australia funds and institutional maintenance charges.

https://www.msaustralia.org.au/wp-content/uploads/eligibility-criteria_msaustralia_v5_feb_2026.pdf",,"The institution remains responsible for normal overhead expenses including maintenance costs on
equipment purchased with MS Australia funds and institutional maintenance charges.

https://www.msaustralia.org.au/wp-content/uploads/eligibility-criteria_msaustralia_v5_feb_2026.pdf",,No applications with costing in Pure,10-Apr,,,,,,,,,,,,,,,,
Category 3,Australian not-for profit organisations,"Multiple Sclerosis Research Australia (trading as National Multiple Sclerosis Research Foundation Limited)
",pHD Fellowship,"	Allowable – the grant provides salary support for the Chief Investigator (early career researcher).","	Allowable for the Chief Investigator’s salary. No other personnel costs are specified.",Not specified in guidelines,"The institution remains responsible for normal overhead expenses including maintenance costs on
equipment purchased with MS Australia funds and institutional maintenance charges.

https://www.msaustralia.org.au/wp-content/uploads/eligibility-criteria_msaustralia_v5_feb_2026.pdf",,"The institution remains responsible for normal overhead expenses including maintenance costs on
equipment purchased with MS Australia funds and institutional maintenance charges.

https://www.msaustralia.org.au/wp-content/uploads/eligibility-criteria_msaustralia_v5_feb_2026.pdf",,No applications with costing in Pure,10-Apr,,,,,,,,,,,,,,,,
Category 3,Australian not-for profit organisations,"Multiple Sclerosis Research Australia (trading as National Multiple Sclerosis Research Foundation Limited)
",Postgraduate Scholarships,scholarship stipend,Refer to column E,Not specified in guidelines,"The institution remains responsible for normal overhead expenses including maintenance costs on
equipment purchased with MS Australia funds and institutional maintenance charges.

https://www.msaustralia.org.au/wp-content/uploads/eligibility-criteria_msaustralia_v5_feb_2026.pdf",,"The institution remains responsible for normal overhead expenses including maintenance costs on
equipment purchased with MS Australia funds and institutional maintenance charges.

https://www.msaustralia.org.au/wp-content/uploads/eligibility-criteria_msaustralia_v5_feb_2026.pdf",,No applications with costing in Pure,10-Apr,,,,,,,,,,,,,,,,
Category 3,International not-for profit organisations,Brain & Behavior Research Foundation,"Young Investigator Grant
","	Allowable as stipend or salary support for the applicant (advanced postdoctoral fellow, instructor, or assistant professor).
Only one PI per application.","Allowable for stipends, salaries, and other personnel costs in service of the research project. The Foundation allows considerable flexibility in the use of funds. ","The Foundation allows considerable flexibility in the use of funds: equipment, stipends, etc., are all acceptable as long as the support is in the service of the BBRF Young Investigator Grant research project.",The Foundation does not pay institutional overhead on the BBRF Young Investigator Grant Program.,,"The Foundation does not pay institutional overhead on the BBRF Young Investigator Grant Program.

https://bbrfoundation.org/sites/default/files/pdfs/2026-bbrf-young-investigator-grant-application-guidelines.pdf",,0%,10-Apr,,,,,,,,,,,,,,,,
Category 3,International for-profit organisations/Australian philanthropy,Google (United States of America),Research Scholar Program/Award for inclusion,"unrestricted gift

https://services.google.com/fh/files/misc/googleresearchscholarprogram2025.pdf",unrestricted gift,unrestricted gift,not intended for overhead or indirect costs,,not intended for overhead or indirect costs,,0%,13-Apr,,,,,,,,,,,,,,,,
Category 3,Australian not-for profit organisations,Hermon Slade Foundation,Project Grant,Not allowed - salaries for research scientists and stipends for students are to be from other sources,"Allowable for technicians and research assistants (salaries may be supported).
Not allowable for scientific research staff (PIs, postdocs, etc.) or student stipends. 

https://www.hermonslade.org.au/apply/","The components of the project budget for which funds are sought from the Foundation must be justified — both travel and equipment for which funding is sought must be essential for this project.

https://www.hermonslade.org.au/apply/","The Foundation does not fund costs associated with attendance at conferences, either domestic or international. Publication costs levied by scientific journals are not supported by the Foundation.

https://hermonslade.smartygrants.com.au/",,"Administrative costs are not funded
https://www.hermonslade.org.au/apply/",,0%,10-Apr,,,,,,,,,,,,,,,,
Category 3,Australian for-profit organisations,Bristol-Myers Squibb (Australia),Corporate Giving (LOR - Letter of Request),Not allowable. Funding is not provided to individuals or physician groups. Prescriber salaries and general operational expenses unrelated to the proposed activity are ineligible.,"	Limited – honoraria for speakers/faculty may be allowed (as per budget template). Salaries for healthcare providers or administrative staff are generally not funded.","Per Budget Template categories are management fees, content development, direct program expenses, honoraria, meals/travel expenses

Budget Template link her`e - there is further guidance on each guideline on the ""Budget Guideline"" Tab: https://www.bms.com/assets/bms/us/english-documents/budget-template.xlsx","Entertainment, parties, lavish meals, childcare, and recreational activities
Prescriber salaries; and operational expenses that are unrelated to the proposed activity

https://www.bms.com/about-us/responsibility/corporate-giving/corporate-giving-faqs.html",,Administrative fees and overhead may be considered on a case-by-case basis,,0%,10-Apr,,,,,,,,,,,,,,,,
Category 3,Australian not-for profit organisations,Epworth Foundation (trading as Epworth HealthCare),Research Grants,Not specified in guidelines,Laboratory support,"Compulsory services/Costs: 
Research and Governance Office - Review ($650), Site Ongoing research
governance annual administration ($300), HREC Review Fees – Initial and subsequent reviews

Non-compulsory (suggested)

Statistical advice and support, Laboratory resources, Publications 

Refer to applicant guidelines on page 3 for further information: 

https://www.epworth.org.au/-/media/project/epworth/epworthweb/documents/grants-hub/emf-research-grants_2024_application-guidelinesv2.pdf",Not specified in guidelines,,Not specified in guidelines,,0%,guidelines restricted,,,,,,,,,,,,,,,,
Category 3,Australian for-profit organisations,Epworth Foundation (trading as Epworth HealthCare),Innovation Grant,Not specified in guidelines,labour costs of Epworth staff,"All budget items that directly relates to the project development and implementation including fees of thirdparty providers of goods and services, travel to centres of excellence or labour costs of Epworth staff can be included.

 https://www.epworth.org.au/-/media/project/epworth/epworthweb/documents/emf/grants/2024-application-guidelines---innovation-grantsv2.pdf",Funds cannot be used for any costs that relate to commercialisation of results or developed assets. ,,Not specified in guidelines,,0%,guidelines restricted,,,,,,,,,,,,,,,,
Category 3,Australian not-for profit organisations,Ovarian Cancer Research Foundation (OCRF),All research grant schemes,"Allowable.
Research proposals may include salaries of research personnel directly or proportionately involved in the project that are not otherwise funded. This includes mid‑ and senior‑level researchers, research assistants, research officers, research nurses, postdoctoral fellows, PhD students, and specialist personnel (e.g., bioinformaticians).","Allowable for the above roles.
Salary requests must include:
• Base salary or wage
• FTE fraction allocated to the OCRF‑funded project
• On‑costs up to 25% (applied by the Administering Institution’s model)
• Any other salary‑related expenditure required for participation

Refer to guidelines for further information: 
https://evenicoocrf2019.blob.core.windows.net/assets/nova/OCRF-Research-Grant-Guidelines-2025.pdf","Allowable direct costs include:
• Minor equipment (fully itemised and justified)
• Consumables (aggregate for items ≤$2,000; itemised for items >$2,000)
• Services (sequencing, mass spectrometry, flow cytometry, imaging, animal facility charges, bioinformatics, core facility services)","Explicitly not funded:
• Indirect institutional overhead costs (often called the ‘cost of research’ or ‘research levies’) unless discussed with the OCRF Research Director well in advance.",,No – grant funds cannot be used for indirect institutional overhead costs unless prior approval is obtained.,,0%,31-Mar,,,,,,,,,,,,,,,,
Category 3,"International philanthropy/International not-for profit organisations
",Spencer Foundation,Small Research Grants Program,Allowable (see Personnel Costs). PI and Co‑PIs must hold an earned doctorate.,"Salaries (PI, Co‑PI, Postdoctoral Research Assistant, Graduate Student, Researcher, Undergraduate Researcher, Other Research Staff, Other Staff, Supplemental PI/Co‑PI Course Release); Benefits (including Supplemental Course Release Benefits).

https://www.spencer.org/grant_types/small-research-grant.pdf","Other Collaborator (Independent Consultant, Advisor); Travel (Project Travel, Conference or Dissemination Travel); Equipment and Software; Project Expenses (Supplies, Participant Stipends/Costs, Communication, Transcription); Subcontracts; Other (expenses not covered above).

Refer to guidelines link for further information:

https://www.spencer.org/grant_types/small-research-grant.pdf",may not include indirect costs,,may not include indirect costs,,0%,31-Mar,,,,,,,,,,,,,,,,
Category 3,International philanthropy,Spencer Foundation,Large Research Grants on Education Program,"Allowable.
Salaries for PI, Co‑PI, Postdoctoral Research Assistant, Graduate Student, Researcher, Undergraduate Researcher, Other Research Staff, Other Staff are eligible.
PI and Co‑PIs must hold an earned doctorate. Graduate students may be part of the team but cannot be named PI/Co‑PI.","Allowable for the above roles, plus benefits (PI Benefits, Co‑PI Benefits, Researcher Benefits, Other Staff Benefits, Tuition/Fees).
https://www.spencer.org/grant_types/large-research-grant.pdf","Allowable direct costs include:
• Other Collaborator (Independent Consultant, Advisor)
• Travel (Project Travel, Conference or Dissemination Travel)
• Equipment and Software
• Project Expenses (Supplies, Participant Stipends/Costs, Communication, Transcription)
• Subcontracts
• Other (expenses not covered in the above categories)
https://www.spencer.org/grant_types/large-research-grant.pdf","	Not explicitly listed in the guidelines, but the following are not eligible:
• Activities other than academic research (e.g., program evaluations, professional development, curriculum development, scholarships, capital projects, tech platform development, AI tool development)
• Research studies focused on areas other than education",,"	Yes, capped at 15%.
“Budgets in this program may include 15 percent IDC (aka overhead). Subcontract budgets may also include the 15 percent IDC but should not be included in the main budget total when calculating the overall IDC for the project.” ","	15% of direct costs (excluding subcontracts? The IDC is applied to the main budget direct costs, not including subaward IDC)",15%,31-Mar,,,,,,,,,,,,,,,,
Category 2,Commonwealth (other),National Foundation for Australia-China Relations,"National Foundation for Australia-China Relations
2023-24 Grants Program ","Not allowable for ongoing salaries. Labour costs of Australian employees directly employed to deliver the grant project are allowable, but not ongoing salaries (i.e., salaries that would be paid regardless of the grant). ","Allowable for:
• Labour costs of Australian employees directly employed to deliver the core elements of the grant project (but not ongoing salaries).","Allowable direct costs include:
• Reasonable air, land, or sea travel costs and accommodation (e.g., economy international flights, 3‑ or 4‑star accommodation)
• Interpretation and translation
• Communications, advertising, promotion, graphic design, photography
• Publications and printed material
• Production costs (freight, artists’ fees)
• Research (but not as the core element of the project)
• Other activities determined as eligible by the Program Delegate","Explicitly not funded:
• Capital expenditure (purchase of real estate, vehicles)
• Purchase of equipment (technical equipment, musical instruments, computers, videos)
• Retrospective costs or recurrent funding of activities
• Activities already commercially viable
• Activities providing direct commercial advantage to the applicant
• Costs incurred in preparing the grant application
• Subsidy of general ongoing administration (electricity, phone, rent, honorariums, administrative charges)
• Study tours where travel by a significant number of students is the principal element
• Completed projects",,Unallowable- see column H,,0%,31-Mar,,,,,,,,,,,,,,,,
Category 3,International not-for profit organisations,National Geographic Society,All Grants (Level I and Level II),"Compensation (payment for time) is allowed only for:
• Non‑salaried individuals
• Freelancers
• Individuals employed less than full‑time
• Those required to fundraise for their salaries for specific projects
• K‑12 teachers on a normal 9‑ or 10‑month teaching contract (even if paid over 12 months)
• Individuals carrying out the project outside their salaried position responsibilities may request a stipend
• Not eligible: applicants employed in a nine‑month full‑time university academic position (considered full‑time)","Allowable for team members (applicant, collaborators, local collaborators, assistants, consultants) as per compensation rules above. Freelance storytellers should build their day rate into the budget (publishing partners take rights fee‑free). 

https://nationalgeographic.my.salesforce.com/sfc/p/#Hr000008MhdD/a/Hr0000015FTp/R9PxwMdNGTgQ7_JUViGNZRGcwP20e0WJBV6NJolED.w","Allowable direct costs include:
• Travel, lodging, food (for applicant and team members)
• Lab or studio‑based work (equipment and supplies)
• Safety‑related costs (COVID‑19 tests, PPE, cleaning supplies, medical insurance, travel insurance, medication)
• Monitoring & evaluation activities (theory of change, evaluation design, data collection, survey incentives, IACUC/IRB certification, permits, consultant fees)
• Dependent care assistance (caregiving for a minor or adult dependent; can cover at‑home or on‑site care)

https://www.australiachinafoundation.org.au/sites/default/files/2025-05/NFACR%2025-26%20Grant%20Guidelines.pdf","Does not provide funding for scholarships, tuition, study abroad programs, school living expenses or internships.",,"Yes, capped at 15% of total budget.
“Applicants may designate up to 15% of the total budget as overhead or indirect costs … to cover day‑to‑day operational fees.” Total requested funds (including overhead) must not exceed the grant cap (USD $20,000 for Level I; USD $100,000 for Level II).",15% (of total budget),"Up to 15% (e.g., for Level I: up to USD $3,000; for Level II: up to USD $15,000)",31-Mar,,,,,,,,,,,,,,,,
Category 3,"Australian not-for profit organisations/Australian for-profit organisations
",Cabrini Health,Research Grants,"Not allowable for Principal Investigators (PIs) or Associate Investigators (AIs).
Project‑specific staffing (e.g., Research Assistants, administrative support engaged specifically for the project) is allowable.","Allowable for:
• Research Assistants, project‑specific administrative support
• Salaries and on‑costs must be itemised with correct rates:
– Cabrini employees: 28.1% on‑costs
– Fixed‑term or ongoing Monash employees: 42.2% on‑costs
– Casual staff: additional 25% on top of loaded rate","Allowable direct costs include:
• Travel for data collection across multiple sites
• Patient resources essential to the project
• Software development and/or subscription fees
• Organisational data access (e.g., business intelligence, clinical governance)
• Expert advice (e.g., Cabrini biostatistician at $120/hour)
• Economic evaluations, pathology, imaging, pharmacy, data transcription
• Journal publication fees (up to $5,000; free journals encouraged)
• Conference registration and travel – international up to $5,000, domestic up to $2,000 (economy class only)
• Consumer remuneration (recommended; refer to Safer Care Victoria rates)
• Catering (lunch ≤$20/person, tea ≤$15/person, dinner ≤$30/person) if essential

https://www.cabrini.com.au/wp-content/uploads/2026-27-Cabrini-Foundation-Research-Grant-Application-Guidelines.pdf","Explicitly not funded:
• Equipment or infrastructure not unique to the project or essential for delivery
• Operational costs
• Alcohol
• Salary costs for Principal Investigators (PIs) and Associate Investigators (AIs)","Not specified / Not required. However, all stakeholder contributions (monetary or in‑kind) must be included in the budget. Cabrini Research does not provide administrative support (e.g., medical records access, catering).","No.
Cabrini Research does not cover indirect costs; the applicant must include all stakeholder contributions in the budget, and Cabrini is not responsible for administrative support or resourcing. ",,0%,31-Mar,,,,,,,,,,,,,,,,
Category 3,Australian philanthropy,Cure Cancer Australia,Early Career Research Grants,"Allowable.
“Funding may be used for costs directly related to the proposed project, such as salaries of personnel …” This includes the Chief Investigator’s salary. ","Allowable for salaries of personnel (research staff, the applicant) directly related to the project. ","costs directly related to the proposed project, such as salaries of personnel, scientific services, and laboratory consumables.

https://curecancer.funraisin.com.au/getasset/HNVCRA",Not specified in guidelines,,Not specified in guidelines,,No applications with costing in Pure,31-Mar,,,,,,,,,,,,,,,,
Category 1 – Australian Competitive Grants (or Category 2 – Commonwealth own purpose; the program is administered by the Department of Education),Australia’s Economic Accelerator (AEA) – Ignite,Department of Education,AEA Ignite,"Salaries and on‑costs for personnel directly employed for the project (including the Lead Entrepreneur) are eligible. A 30% allowance may be added to cover employer on‑costs such as superannuation, payroll tax, workers compensation, and overheads like office rent and computers.","Allowable for:
• Salaries of Lead Entrepreneur, Collaborating Entrepreneurs, and other project staff (pro‑rata based on time commitment)
• Backfilling (teaching relief) costs for academic staff assigned to the project
• 30% on‑costs allowance as above","	Allowable direct costs include:
• Expert services (business development, design, regulatory advice, access to specialist equipment, manufacturing facilities)
• Travel essential to the project (economy class, accommodation)
• Verifiable plant and equipment costs (proportional to project use)
• Staff development and training supporting project outcomes

https://www.aea.gov.au/download/860/aea-ignite-program-guidelines-2026/419/aea-ignite-program-guidelines-2026/pdf","• Basic research (TRL 1–2)
• Activities unaligned with government priority areas
• Capital works and general infrastructure costs

https://www.aea.gov.au/download/860/aea-ignite-program-guidelines-2026/419/aea-ignite-program-guidelines-2026/pdf","Not required, but a minimum of 10% of the total grant funding requested must be provided as cash and/or in‑kind contributions from the combined participating organisations.",No,N/A,0%,24-Mar,,,,,,,,,,,,,,,,
Category 1 – Australian Competitive Grants (or Category 2 – Commonwealth own purpose; administered by the Department of Education),Australia’s Economic Accelerator (AEA) – Innovate,Department of Education,AEA Innovate,"	Allowable.
Salaries and on‑costs for personnel directly employed for the project (including the Lead Entrepreneur) are eligible. A 30% allowance may be added to cover employer on‑costs (superannuation, payroll tax, workers compensation) and overheads such as office rent and computers.","Allowable for:
• Salaries of Lead Entrepreneur, Collaborating Entrepreneurs, and other project staff (pro‑rata based on time commitment)
• 30% on‑costs allowance as above","• Expert services (design, regulatory advice, access to specialist equipment)
• Travel essential to the project (economy class, accommodation) – overseas expenditure limited to 10% unless approved

https://www.aea.gov.au/download/798/aea-innovate-program-administrative-guidelines-2025/334/program-administrative-guidelines-2025-aea-innovate/pdf","Explicitly not funded:
• Basic research (TRL 1–4)
• Activities unaligned with government priority areas
• Capital works and general infrastructure costs
• Conference attendance
• Costs not directly related to the project (visas, relocation, insurance, mobile phones, other indirect costs)
• Retrospective costs or PhD student assistance beyond 24 months",Required: The Lead Organisation and participating organisations must collectively commit a minimum contribution of at least 50% of the total budget (in cash and/or in‑kind). This is matched by the grant (which covers the other 50%).,No,,0%,24-Mar,,,,,,,,,,,,,,,,
,,,,,,,,,,,,,,,,,,,,,,,,,,,,
